Doc,Class
สวัสดีครับ,การทักทาย
สวัสดีค่ะ,การทักทาย
สวัสดีครับ มีเรื่องจะสอบถามครับ,การทักทาย
ทักครับ,การทักทาย
ดีครับ,การทักทาย
ทักทาย,การทักทาย
สวัสดีครับ,การทักทาย
ถามหน่อยครับ,การทักทาย
อรุณสวัสดิ์,การทักทาย
สวัสดีครับพี่ ดื่มกาแฟไหมครับ,การทักทาย
สวัสดีครับ,การทักทาย
พี่ๆสวัสดีค่ะ,การทักทาย
ฮายยย,การทักทาย
ทำไรอยู่ครับ,การทักทาย
เป็นไงบ้าง,การทักทาย
สบายดีไหม,การทักทาย
ดีครับ,การทักทาย
สวัสดีครับผม,การทักทาย
มอนิ่งครับ,การทักทาย
ขออนุญาตครับ,การทักทาย
สบายดีไหมครับ,การทักทาย
อายุเท่าไรครับ,การทักทาย
รุ่นไหนครับ,การทักทาย
ดีค่ะ,การทักทาย
วันนี้เป็นอย่างไรบ้างครับ,การทักทาย
พี่ (ชื่อพี่ที่ทักทาย) สวัสดีค่ะ ยกมือไหว้,การทักทาย
เป็นไงสบายดีไหม,การทักทาย
สวัสดีครับทุกคน,การทักทาย
สวัสดีครับพี่ๆ,การทักทาย
ดีครับผม,การทักทาย
สบายดีป่าว,การทักทาย
ดีค่า,การทักทาย
ดีฮะ,การทักทาย
ฮัลโหลล,การทักทาย
เป็นไงบ้าง สบายดีมั้ย,การทักทาย
สบายดีมั้ยครับผม,การทักทาย
สบายดีมั้ยฮะ,การทักทาย
อรุณสวัสดิ์ค่ะ,การทักทาย
อรุณสวัสดิ์ครับ,การทักทาย
เป็นนไงบ้างคะ,การทักทาย
เป็นไงบ้างครับ,การทักทาย
สบายดีป่าว,การทักทาย
เป็นไงวันนี้,การทักทาย
เป็นไงครับวันนี้,การทักทาย
เป็นไงคะวันนี้,การทักทาย
ดีครับ เป็นไงวันนี้,การทักทาย
ดีค่ะเป็นไงวันนี้,การทักทาย
ฮายยยย,การทักทาย
เป็นไงบ้างครับวันนี้,การทักทาย
ดีงับบ,การทักทาย
สวัสดีครัชชช,การทักทาย
เป็นไงสบายดีไหม,การทักทาย
สวัสดีครับทุกคน,การทักทาย
สวัสดีครับพี่ๆ,การทักทาย
ฮัลโหลล,การทักทาย
เป็นไงบ้าง สบายดีมั้ย,การทักทาย
สบายดีมั้ยครับผม,การทักทาย
สบายดีมั้ยฮะ,การทักทาย
อรุณสวัสดิ์ค่ะ,การทักทาย
อรุณสวัสดิ์ครับ,การทักทาย
เป็นนไงบ้างคะ,การทักทาย
เป็นไงบ้างครับ,การทักทาย
สบายดีป่าว,การทักทาย
เป็นไงวันนี้,การทักทาย
เป็นไงครับวันนี้,การทักทาย
เป็นไงคะวันนี้,การทักทาย
ดีครับ เป็นไงวันนี้,การทักทาย
ดีค่ะเป็นไงวันนี้,การทักทาย
ฮาย,การทักทาย
เป็นไงบ้างครับวันนี้,การทักทาย
ดีงับบ,การทักทาย
สวัสดีครัชชช,การทักทาย
เป็นไงสบายดีไหม,การทักทาย
สวัสดีครับทุกคน,การทักทาย
สวัสดีครับพี่ๆ,การทักทาย
ฮาย,การทักทาย
สวัสดีครับ,การทักทาย
ถามหน่อยครับ,การทักทาย
อรุณสวัสดิ์,การทักทาย
สวัสดีครับพี่ ดื่มกาแฟไหมครับ,การทักทาย
สวัสดีครับ,การทักทาย
พี่ๆสวัสดีค่ะ,การทักทาย
ฮาย,การทักทาย
ทำไรอยู่ครับ,การทักทาย
เป็นไงบ้าง,การทักทาย
สบายดีไหม,การทักทาย
ดีครับ,การทักทาย
สวัสดีครับผม,การทักทาย
มอนิ่งครับ,การทักทาย
ขออนุญาตครับ,การทักทาย
สบายดีไหมครับ,การทักทาย
อายุเท่าไรครับ,การทักทาย
รุ่นไหนครับ,การทักทาย
ดีค่ะ,การทักทาย
สวัสดีครับ,การทักทาย
สวัสดีค่ะ,การทักทาย
สวัสดีครับ มีเรื่องจะสอบถามครับ,การทักทาย
ทักครับ,การทักทาย
ดีครับ,การทักทาย
ฮาย,การทักทาย
สวัสดีครับ,การทักทาย
ถามหน่อยครับ,การทักทาย
อรุณสวัสดิ์,การทักทาย
สวัสดีครับพี่ ดื่มกาแฟไหมครับ,การทักทาย
สวัสดีครับ,การทักทาย
พี่ๆสวัสดีค่ะ,การทักทาย
ฮาย,การทักทาย
ทำไรอยู่ครับ,การทักทาย
ดีค่ะ,การทักทาย
สวัสดีครับ,การทักทาย
สวัสดีค่ะ,การทักทาย
สวัสดีครับ มีเรื่องจะสอบถามครับ,การทักทาย
ทักครับ,การทักทาย
ดีครับ,การทักทาย
อรุณสวัสดิ์,การทักทาย
สวัสดีครับพี่ ดื่มกาแฟไหมครับ,การทักทาย
สวัสดีครับ,การทักทาย
พี่ๆสวัสดีค่ะ,การทักทาย
ฮาย,การทักทาย
ทำไรอยู่ครับ,การทักทาย
ดีค่ะ,การทักทาย
สวัสดีครับ,การทักทาย
สวัสดีค่ะ,การทักทาย
สวัสดีครับ มีเรื่องจะสอบถามครับ,การทักทาย
ทักครับ,การทักทาย
ดีครับ,การทักทาย
เป็นไงคะวันนี้,การทักทาย
ดีครับ เป็นไงวันนี้,การทักทาย
ดีค่ะเป็นไงวันนี้,การทักทาย
ฮายย,การทักทาย
เป็นไงบ้างครับวันนี้,การทักทาย
ดีงับบ,การทักทาย
สวัสดีครัชชช,การทักทาย
เป็นไงสบายดีไหม,การทักทาย
สวัสดีครับทุกคน,การทักทาย
สวัสดีครับพี่ๆ,การทักทาย
ฮัลโหลล,การทักทาย
เป็นไงบ้าง สบายดีมั้ย,การทักทาย
สบายดีมั้ยครับผม,การทักทาย
สบายดีมั้ยฮะ,การทักทาย
สวัสดีครับพี่ ดื่มกาแฟไหมครับ,การทักทาย
สวัสดีครับ,การทักทาย
พี่ๆสวัสดีค่ะ,การทักทาย
ฮายย,การทักทาย
ทำไรอยู่ครับ,การทักทาย
เป็นไงบ้าง,การทักทาย
สบายดีไหม,การทักทาย
ดีครับ,การทักทาย
สวัสดีครับผม,การทักทาย
มอนิ่งครับ,การทักทาย
เอกสาร ศกส มรม(03-06)  ของดิฉันผ่านมั้ยคะ,การตรวจสอบสถานะเอกสาร สกศ มรม 03-06
เอกสาร ศกส มรม(03-06)  ของกระผมผ่านมั้ยครับ,การตรวจสอบสถานะเอกสาร สกศ มรม 03-06
 คือว่าเอกสารที่ส่งไป ได้ทำการตรวจสอบหรือยังครับ,การตรวจสอบสถานะเอกสาร สกศ มรม 03-06
เอกสารผมถึงยังครับ,การตรวจสอบสถานะเอกสาร สกศ มรม 03-06
ตรวจเอกสารยัง,การตรวจสอบสถานะเอกสาร สกศ มรม 03-06
เอกสารสมบูรณ์มั้ยครับ,การตรวจสอบสถานะเอกสาร สกศ มรม 03-06
เอกสารครบมั้ยครับ,การตรวจสอบสถานะเอกสาร สกศ มรม 03-06
เอกสารถูกต้องมั้ยครับ,การตรวจสอบสถานะเอกสาร สกศ มรม 03-06
เอกสารครบถ้วนมั้ย,การตรวจสอบสถานะเอกสาร สกศ มรม 03-06
เอกสารที่แจ้งไปได้รึยังครับ,การตรวจสอบสถานะเอกสาร สกศ มรม 03-06
ในระบบขึ้นว่ายังไม่ส่งเอกสาร เลยอยากจะสอบถามหน่อยครับว่าเอกสารของผมถูกต้องเรียบร้อยไหมครับ,การตรวจสอบสถานะเอกสาร สกศ มรม 03-06
สถานะการดำเนินการ,การตรวจสอบสถานะเอกสาร สกศ มรม 03-06
พี่ได้เอกสารครบไหมค่ะ,การตรวจสอบสถานะเอกสาร สกศ มรม 03-06
เอกสารของฉันเรียบร้อยดีไหม,การตรวจสอบสถานะเอกสาร สกศ มรม 03-06
ตรวจสอบเอกสาร,การตรวจสอบสถานะเอกสาร สกศ มรม 03-06
สถานะเอกสารของฉัน,การตรวจสอบสถานะเอกสาร สกศ มรม 03-06
ต้องการทราบข้อมูลเกี่ยวกับเอกสารของฉัน,การตรวจสอบสถานะเอกสาร สกศ มรม 03-06
ขอดูเอกสารของฉันหน่อย,การตรวจสอบสถานะเอกสาร สกศ มรม 03-06
เอกสารเรียบร้อยดีไหมครับ,การตรวจสอบสถานะเอกสาร สกศ มรม 03-06
.เสร็จยังเอกสาร 2.เอกสารถึงไหนแล้ว,การตรวจสอบสถานะเอกสาร สกศ มรม 03-06
วันไหนเอกสารจะเสร็จ 4.เอกสารยากไหม,การตรวจสอบสถานะเอกสาร สกศ มรม 03-06
เมื่อไรเอกสารจะเสร็จ,การตรวจสอบสถานะเอกสาร สกศ มรม 03-06
ไม่ทราบว่าเอกสารได้วันไหนค่ะ,การตรวจสอบสถานะเอกสาร สกศ มรม 03-06
เอกสารของผมเป็นยังไงบ้าง,การตรวจสอบสถานะเอกสาร สกศ มรม 03-06
เอกสารของฉันเเป็นอย่างไรบ้าง,การตรวจสอบสถานะเอกสาร สกศ มรม 03-06
เอกสารของฉันมีความถูกต้องหรือไม่,การตรวจสอบสถานะเอกสาร สกศ มรม 03-06
งานที่เราทำ ตำเเหน่งงานที่ได้รับ พิมให้ถูกต้องครบถ้วนครับ,การตรวจสอบสถานะเอกสาร สกศ มรม 03-06
เอกสารของผมมีอันไหนบ้างครับ,การตรวจสอบสถานะเอกสาร สกศ มรม 03-06
ตรวจบันทึกเอกสาร,การตรวจสอบสถานะเอกสาร สกศ มรม 03-06
รบกวนพี่ช่วยดูเอกสารให้หนูหน่อยนะคะว่าถูกต้องไหม,การตรวจสอบสถานะเอกสาร สกศ มรม 03-06
เอกสารเป็นไงบ้าง,การตรวจสอบสถานะเอกสาร สกศ มรม 03-06
เอกสารครบหรือป่าว,การตรวจสอบสถานะเอกสาร สกศ มรม 03-06
เอกสารถูกต้องหรือป่าว,การตรวจสอบสถานะเอกสาร สกศ มรม 03-06
เอกสารครบหรือป่าว,การตรวจสอบสถานะเอกสาร สกศ มรม 03-06
ส่งเอกสารได้ถึงวันไหน,การตรวจสอบสถานะเอกสาร สกศ มรม 03-06
เอกสารผมหล่นหาย,การตรวจสอบสถานะเอกสาร สกศ มรม 03-06
ผมจะรีบแก้ไขเอกสารให้ครับ,การตรวจสอบสถานะเอกสาร สกศ มรม 03-06
เอกสารเสร็จยัง,การตรวจสอบสถานะเอกสาร สกศ มรม 03-06
กำลังดำเนินการครับ,การตรวจสอบสถานะเอกสาร สกศ มรม 03-06
เอกสารรับได้ที่ไหนครับ,การตรวจสอบสถานะเอกสาร สกศ มรม 03-06
เอกสารถูกต้องครบถ้วนแล้วใช่ไหมครับ,การตรวจสอบสถานะเอกสาร สกศ มรม 03-06
ในส่วนของเอกสารมีตรงไหนที่ไม่เข้าใจไหมค่ะ,การตรวจสอบสถานะเอกสาร สกศ มรม 03-06
ขอทราบถึงสถานะเอสาร ศกส มรม(03-06)  ที่ส่งไปหน่อยฮะว่าถึงไหนแล้ว,การตรวจสอบสถานะเอกสาร สกศ มรม 03-06
ขอทราบหน่อยค่ะว่าถึงไหนแล้วเอกสาร ศกส มรม(03-06)  ที่ฉันส่งไป,การตรวจสอบสถานะเอกสาร สกศ มรม 03-06
ขอทราบหน่อยครับว่าถึงไหนแล้วเอกสาร ศกส มรม(03-06)  ที่ส่งไป,การตรวจสอบสถานะเอกสาร สกศ มรม 03-06
มีอะไรที่ต้องแก้มั้ยค่ะเอกสาร ศกส มรม(03-06)  ที่ส่งไป,การตรวจสอบสถานะเอกสาร สกศ มรม 03-06
เอกสาร ศกส มรม(03-06)  มีอะไรที่ต้องส่งไปเพิ่มอีกมั้ยครับ,การตรวจสอบสถานะเอกสาร สกศ มรม 03-06
มีเอกสาร ศกส มรม(03-06)  ตัวไหนที่ตต้องส่งไปเพิ่มมั้ยคะ,การตรวจสอบสถานะเอกสาร สกศ มรม 03-06
ดิฉันอยากจะทราบถึงสถานะเอกสาร ศกส มรม(03-06)  ที่ส่งไปค่ะ,การตรวจสอบสถานะเอกสาร สกศ มรม 03-06
ผมขอทราบถึงสถานะเอกสาร ศกส มรม(03-06)  ที่ส่งไปหน่อยค่ะ,การตรวจสอบสถานะเอกสาร สกศ มรม 03-06
ขอทราบถึงสถานะเอกสาร ศกส มรม(03-06)  ที่ส่งไปหน่อยค่ะว่าถึงไหนแล้ว,การตรวจสอบสถานะเอกสาร สกศ มรม 03-06
สถานะเอกสาร ศกส มรม(03-06)  ของดิฉันตอนนี้ถึงไหนแล้วคะอยากทราบ,การตรวจสอบสถานะเอกสาร สกศ มรม 03-06
เป็นไงบ้างครับเอกสาร ศกส มรม(03-06)  ของผม,การตรวจสอบสถานะเอกสาร สกศ มรม 03-06
ถูกต้องรึเปล่าคะเอกสาร ศกส มรม(03-06)  ที่ส่งไป,การตรวจสอบสถานะเอกสาร สกศ มรม 03-06
ต้องเพิ่มเอกสาร ศกส มรม(03-06)  อะไรอีกมั้ยคะแล้วส่งไปถึงไหนแล้ว,การตรวจสอบสถานะเอกสาร สกศ มรม 03-06
สถานะเอกสาร ศกส มรม(03-06)  ที่ส่งไปเป็นยังไงบ้างถูกต้องดีมั้ย,การตรวจสอบสถานะเอกสาร สกศ มรม 03-06
เอกสาร ศกส มรม(03-06)  ที่ส่งไปต้องส่งอะไรไปเพิ่มอีกมั้ยคะ,การตรวจสอบสถานะเอกสาร สกศ มรม 03-06
เอกสารที่ฉันส่งไปถึงสถานประกอบการรึยังคะ,การตรวจสอบสถานะเอกสาร สกศ มรม 03-06
เอกสาร ศกส มรม(03-06)  ของกระผมถึงไหนแล้วครับ,การตรวจสอบสถานะเอกสาร สกศ มรม 03-06
ฉันอยากทราบว่าเอกสาร ศกส มรม(03-06)  ของฉันครบถ้วนมั้ยคะ,การตรวจสอบสถานะเอกสาร สกศ มรม 03-06
เอกสาร ศกส มรม(03-06)  ที่ผมส่งไปมันได้แก้ไขตรงไหนบ้างไหมครับ,การตรวจสอบสถานะเอกสาร สกศ มรม 03-06
อยากทราบว่าเอกสาร ศกส มรม(03-06)  ของดิฉันถึงไหนแล้วคะ,การตรวจสอบสถานะเอกสาร สกศ มรม 03-06
เอกสาร ศกส มรม(03-06)  ที่ส่งไปจะต้องได้แก้ไขอะไรมั้ยคะ,การตรวจสอบสถานะเอกสาร สกศ มรม 03-06
มีอะไรที่ตต้องแก้มั้ยครับเอกสาร ศกส มรม(03-06)  ของผม,การตรวจสอบสถานะเอกสาร สกศ มรม 03-06
เอกสาร ศกส มรม(03-06) ผมเป็นไงบ้างครับ,การตรวจสอบสถานะเอกสาร สกศ มรม 03-06
ถึงไหนแล้วครับ ศกส มรม(03-06) เอกสารของผม,การตรวจสอบสถานะเอกสาร สกศ มรม 03-06
ครบถ้วนสมบูรณ์ดีไหมครับเอกสาร ศกส มรม(03-06)  ของผม,การตรวจสอบสถานะเอกสาร สกศ มรม 03-06
มีอะไรที่เอกสาร ศกส มรม(03-06)  ขาดหายมั้ยครับ,การตรวจสอบสถานะเอกสาร สกศ มรม 03-06
ส่งถึงรึยังครับเอกสาร ศกส มรม(03-06)  ของผม,การตรวจสอบสถานะเอกสาร สกศ มรม 03-06
ส่งถึงสถานประกอบการรึยังเอกสาร ศกส มรม(03-06)  ของผม,การตรวจสอบสถานะเอกสาร สกศ มรม 03-06
ผมต้องส่งเอกสารไปเพิ่มอีกมั้ยครับ,การตรวจสอบสถานะเอกสาร สกศ มรม 03-06
เอกสาร ศกส มรม(03-06)  ของดิฉันครบถ้วนดีมั้ยคะ,การตรวจสอบสถานะเอกสาร สกศ มรม 03-06
สมบูรณ์ดีมั้ยคะเอกสาร ศกส มรม(03-06)  ของดิฉัน,การตรวจสอบสถานะเอกสาร สกศ มรม 03-06
ถึงสถานประกอบการรึยังเอกสาร ศกส มรม(03-06)  ของผม,การตรวจสอบสถานะเอกสาร สกศ มรม 03-06
ผมอยากทราบว่าเอกสาร ศกส มรม(03-06)  ของผมถึงไหนแล้วครับ,การตรวจสอบสถานะเอกสาร สกศ มรม 03-06
เอกสาร ศกส มรม(03-06)  ที่ฉันส่งไปมันสมบูรณ์ดีมั้ยคะหรือต้องส่งอไรไปเพิ่มรึป่าว,การตรวจสอบสถานะเอกสาร สกศ มรม 03-06
ฉันต้องส่งเอกสารอะไรไปเพิ่มอีกมั้ยคะ,การตรวจสอบสถานะเอกสาร สกศ มรม 03-06
เอกสาร ศกส มรม(03-06)  ที่ส่งไปถึงไหนแล้วครับ,การตรวจสอบสถานะเอกสาร สกศ มรม 03-06
เอกสาร ศกส มรม(03-06)  ของดิฉันครบถ้วนดีมั้ยคะ,การตรวจสอบสถานะเอกสาร สกศ มรม 03-06
ผมอยากทราบว่าเอกสาร ศกส มรม(03-06)  ของผมตอนนี้ถึงไหนแล้วครับ,การตรวจสอบสถานะเอกสาร สกศ มรม 03-06
เอกสาร ศกส มรม(03-06)  ที่ฉันส่งไปถึงสถานประกอบการที่ฉันออกฝึกรึยังคะ,การตรวจสอบสถานะเอกสาร สกศ มรม 03-06
เอกสาร ศกส มรม(03-06)  ของฉันเป็นยังบ้าง,การตรวจสอบสถานะเอกสาร สกศ มรม 03-06
เอกสาร ศกส มรม(03-06)  ของดิฉันผ่านมั้ยคะ,การตรวจสอบสถานะเอกสาร สกศ มรม 03-06
เอกสาร ศกส มรม(03-06)  ของกระผมผ่านมั้ยครับ,การตรวจสอบสถานะเอกสาร สกศ มรม 03-06
เอกสาร ศกส มรม(03-06)  ของหนูป็นยังไงบ้างคะ,การตรวจสอบสถานะเอกสาร สกศ มรม 03-06
เอกสาร ศกส มรม(03-06)  ครบมั้ยตรับ,การตรวจสอบสถานะเอกสาร สกศ มรม 03-06
ผมอยากทราบถึงสถานะเอกสารศกส มรม(03-06)  ของผมว่าถึงไหนแล้วครับ,การตรวจสอบสถานะเอกสาร สกศ มรม 03-06
ดิฉันอยากทราบว่าเอกสาร ศกส มรม(03-06)   ที่ดิฉันส่งไปถึงรึยังคะ,การตรวจสอบสถานะเอกสาร สกศ มรม 03-06
อยากรู้ว่าเอกสาร ศกส มรม(03-06)  ที่ส่งไปถึงยัง,การตรวจสอบสถานะเอกสาร สกศ มรม 03-06
ถึงยังคะเอกสาร ศกส มรม(03-06)  ของดิฉัน,การตรวจสอบสถานะเอกสาร สกศ มรม 03-06
ถึงยังครับเอกสาร ศกส มรม(03-06)  ของกระผม,การตรวจสอบสถานะเอกสาร สกศ มรม 03-06
ถึงยังฮะเอสาร ศกส มรม(03-06)  ของผม,การตรวจสอบสถานะเอกสาร สกศ มรม 03-06
กระอยากรู้ว่าเอสาร ศกส มรม(03-06)  ที่ส่งไปคบมั้ยครับ,การตรวจสอบสถานะเอกสาร สกศ มรม 03-06
อยู่สถานะไหนแล้วครับเอกสาร ศกส มรม(03-06)   ที่ผมส่งไป,การตรวจสอบสถานะเอกสาร สกศ มรม 03-06
ถึงไหนแล้วคะเอกสาร ศกส มรม(03-06)  ที่ฉันส่งไป,การตรวจสอบสถานะเอกสาร สกศ มรม 03-06
อยากทราบค่ะว่าเอกสาร ศกส มรม(03-06)  ที่ดิฉันส่งไปครบถ้วนมั้ย,การตรวจสอบสถานะเอกสาร สกศ มรม 03-06
เป็นยังไงบ้างคะเอกสารท ศกส มรม(03-06)  ที่หนูส่งไปต้องแก้ตรงไหนมั้ยคะ,การตรวจสอบสถานะเอกสาร สกศ มรม 03-06
ขอทราบสถานะเอกสาร ศกส มรม(03-06)  ที่ส่งไปหน่อยครับว่าถึงไหนแล้ว,การตรวจสอบสถานะเอกสาร สกศ มรม 03-06
ขอทราบสถานะเอกสาร ศกส มรม(03-06)  ที่ส่งไปหน่อยค่ะว่าถึงไหนแล้ว,การตรวจสอบสถานะเอกสาร สกศ มรม 03-06
อยากทราบว่าสถานะเอกสารของผมตอนนี้ถึงสถานประกอบการรึยังครับ,การตรวจสอบสถานะเอกสาร สกศ มรม 03-06
เป็นไงบ้างคะเอกสาร ศกส มรม(03-06)  ที่ฉันส่งไปถูกต้องมั้ย,การตรวจสอบสถานะเอกสาร สกศ มรม 03-06
ข้อมูล ศกส มรม(03-06)  เป็นไงบ้างคะส่งถึงไหนแล้ว,การตรวจสอบสถานะเอกสาร สกศ มรม 03-06
เอกสาร ศกส มรม(03-06)  ถูกต้องมั้ยคะ,การตรวจสอบสถานะเอกสาร สกศ มรม 03-06
อยากทราบว่าเอกสาร ศกส มรม(03-06)   ถูกต้องมั้ยต้องแก้ไขอะไรรึเปล่า,การตรวจสอบสถานะเอกสาร สกศ มรม 03-06
ข้อมูล ศกส มรม(03-06)  ที่ส่งไปสมบูณ์แบบมั้ยครับ,การตรวจสอบสถานะเอกสาร สกศ มรม 03-06
ดิฉันอยากจะทราบว่าสถานะเอกสาร ศกส มรม(03-06)   เป็นยังไง ส่งถึงไหนแล้ว,การตรวจสอบสถานะเอกสาร สกศ มรม 03-06
ดิฉันขอทราบสถานะเอสาร ศกส มรม(03-06)   ที่ส่งไปหน่อยค่ะ,การตรวจสอบสถานะเอกสาร สกศ มรม 03-06
กระผมขอทราบสถานะ ศกส มรม(03-06)   ที่ส่งไปหน่อยครับ,การตรวจสอบสถานะเอกสาร สกศ มรม 03-06
สถานะเอกสาร ศกส มรม(03-06)  ที่ส่งไปเป็นยังไงบ้างถูกต้องดีมั้ย,การตรวจสอบสถานะเอกสาร สกศ มรม 03-06
เอกสารเป็นไงบ้าง,การตรวจสอบสถานะเอกสาร สกศ มรม 03-06
เอกสารครบหรือป่าว,การตรวจสอบสถานะเอกสาร สกศ มรม 03-06
เอกสารถูกต้องหรือป่าว,การตรวจสอบสถานะเอกสาร สกศ มรม 03-06
ส่งเอกสารได้ถึงวันไหน,การตรวจสอบสถานะเอกสาร สกศ มรม 03-06
เอกสารผมหล่นหาย,การตรวจสอบสถานะเอกสาร สกศ มรม 03-06
ผมจะรีบแก้ไขเอกสารให้ครับ,การตรวจสอบสถานะเอกสาร สกศ มรม 03-06
เอกสารเสร็จยัง,การตรวจสอบสถานะเอกสาร สกศ มรม 03-06
กำลังดำเนินการครับ,การตรวจสอบสถานะเอกสาร สกศ มรม 03-06
เอกสารรับได้ที่ไหนครับ,การตรวจสอบสถานะเอกสาร สกศ มรม 03-06
เอกสารถูกต้องครบถ้วนแล้วใช่ไหมครับ,การตรวจสอบสถานะเอกสาร สกศ มรม 03-06
ขอทราบถึงสถานะเอกสาร ศกส มรม(03-06)  ที่ส่งไปหน่อยค่ะว่าถึงไหนแล้ว,การตรวจสอบสถานะเอกสาร สกศ มรม 03-06
สถานะเอกสาร ศกส มรม(03-06)  ของดิฉันตอนนี้ถึงไหนแล้วคะอยากทราบ,การตรวจสอบสถานะเอกสาร สกศ มรม 03-06
เป็นไงบ้างครับเอกสาร ศกส มรม(03-06)  ของผม,การตรวจสอบสถานะเอกสาร สกศ มรม 03-06
ถูกต้องรึเปล่าคะเอกสาร ศกส มรม(03-06)  ที่ส่งไป,การตรวจสอบสถานะเอกสาร สกศ มรม 03-06
ต้องเพิ่มเอกสาร ศกส มรม(03-06)  อะไรอีกมั้ยคะแล้วส่งไปถึงไหนแล้ว,การตรวจสอบสถานะเอกสาร สกศ มรม 03-06
สถานะเอกสาร ศกส มรม(03-06)  ที่ส่งไปเป็นยังไงบ้างถูกต้องดีมั้ย,การตรวจสอบสถานะเอกสาร สกศ มรม 03-06
เอกสาร ศกส มรม(03-06)  ที่ส่งไปต้องส่งอะไรไปเพิ่มอีกมั้ยคะ,การตรวจสอบสถานะเอกสาร สกศ มรม 03-06
เอกสารที่ฉันส่งไปถึงสถานประกอบการรึยังคะ,การตรวจสอบสถานะเอกสาร สกศ มรม 03-06
เอกสาร ศกส มรม(03-06)  ของกระผมถึงไหนแล้วครับ,การตรวจสอบสถานะเอกสาร สกศ มรม 03-06
ฉันอยากทราบว่าเอกสาร ศกส มรม(03-06)  ของฉันครบถ้วนมั้ยคะ,การตรวจสอบสถานะเอกสาร สกศ มรม 03-06
เอกสาร ศกส มรม(03-06)  ที่ผมส่งไปมันได้แก้ไขตรงไหนบ้างไหมครับ,การตรวจสอบสถานะเอกสาร สกศ มรม 03-06
อยากทราบว่าเอกสาร ศกส มรม(03-06)  ของดิฉันถึงไหนแล้วคะ,การตรวจสอบสถานะเอกสาร สกศ มรม 03-06
เอกสาร ศกส มรม(03-06)  ที่ส่งไปจะต้องได้แก้ไขอะไรมั้ยคะ,การตรวจสอบสถานะเอกสาร สกศ มรม 03-06
มีอะไรที่ตต้องแก้มั้ยครับเอกสาร ศกส มรม(03-06)  ของผม,การตรวจสอบสถานะเอกสาร สกศ มรม 03-06
เอกสาร ศกส มรม(03-06) ผมเป็นไงบ้างครับ,การตรวจสอบสถานะเอกสาร สกศ มรม 03-06
ถึงไหนแล้วครับ ศกส มรม(03-06) เอกสารของผม,การตรวจสอบสถานะเอกสาร สกศ มรม 03-06
ครบถ้วนสมบูรณ์ดีไหมครับเอกสาร ศกส มรม(03-06)  ของผม,การตรวจสอบสถานะเอกสาร สกศ มรม 03-06
มีอะไรที่เอกสาร ศกส มรม(03-06)  ขาดหายมั้ยครับ,การตรวจสอบสถานะเอกสาร สกศ มรม 03-06
ส่งถึงรึยังครับเอกสาร ศกส มรม(03-06)  ของผม,การตรวจสอบสถานะเอกสาร สกศ มรม 03-06
ส่งถึงสถานประกอบการรึยังเอกสาร ศกส มรม(03-06)  ของผม,การตรวจสอบสถานะเอกสาร สกศ มรม 03-06
ผมต้องส่งเอกสารไปเพิ่มอีกมั้ยครับ,การตรวจสอบสถานะเอกสาร สกศ มรม 03-06
เอกสาร ศกส มรม(03-06)  ของดิฉันครบถ้วนดีมั้ยคะ,การตรวจสอบสถานะเอกสาร สกศ มรม 03-06
สมบูรณ์ดีมั้ยคะเอกสาร ศกส มรม(03-06)  ของดิฉัน,การตรวจสอบสถานะเอกสาร สกศ มรม 03-06
ถึงสถานประกอบการรึยังเอกสาร ศกส มรม(03-06)  ของผม,การตรวจสอบสถานะเอกสาร สกศ มรม 03-06
ผมอยากทราบว่าเอกสาร ศกส มรม(03-06)  ของผมถึงไหนแล้วครับ,การตรวจสอบสถานะเอกสาร สกศ มรม 03-06
เอกสาร ศกส มรม(03-06)  ที่ฉันส่งไปมันสมบูรณ์ดีมั้ยคะหรือต้องส่งอไรไปเพิ่มรึป่าว,การตรวจสอบสถานะเอกสาร สกศ มรม 03-06
ฉันต้องส่งเอกสารอะไรไปเพิ่มอีกมั้ยคะ,การตรวจสอบสถานะเอกสาร สกศ มรม 03-06
เอกสาร ศกส มรม(03-06)  ที่ส่งไปถึงไหนแล้วครับ,การตรวจสอบสถานะเอกสาร สกศ มรม 03-06
เอกสาร ศกส มรม(03-06)  ของดิฉันครบถ้วนดีมั้ยคะ,การตรวจสอบสถานะเอกสาร สกศ มรม 03-06
ผมอยากทราบว่าเอกสาร ศกส มรม(03-06)  ของผมตอนนี้ถึงไหนแล้วครับ,การตรวจสอบสถานะเอกสาร สกศ มรม 03-06
เอกสาร ศกส มรม(03-06)  ที่ฉันส่งไปถึงสถานประกอบการที่ฉันออกฝึกรึยังคะ,การตรวจสอบสถานะเอกสาร สกศ มรม 03-06
เอกสาร ศกส มรม(03-06)  ของฉันเป็นยังบ้าง,การตรวจสอบสถานะเอกสาร สกศ มรม 03-06
สถานประการที่ฉันจะไปฝึกมีผู้บริหารชื่ออะไร,ข้อมูลสถานประกอบการในการปฎิบัติสหกิจศึกษา
ขอทราบถึงข้อมูลคร่าวๆของข้อมูลสถานประกอบการหน่อยค่ะ,ข้อมูลสถานประกอบการในการปฎิบัติสหกิจศึกษา
สถานประกอบการที่ฉันจะไปฝึกเขาทำงานด้านไหน,ข้อมูลสถานประกอบการในการปฎิบัติสหกิจศึกษา
สถานประกอบการที่ฉันจะไปฝึกตั้งอยู่ภาคไหนของประเทศไทยคะ,ข้อมูลสถานประกอบการในการปฎิบัติสหกิจศึกษา
อยากจะทราบว่าที่ที่จะฝึกงาน หรือบริษัทอยู่ที่ไหนครับ สามารถเดินทางได้ทางไหนบ้าง,ข้อมูลสถานประกอบการในการปฎิบัติสหกิจศึกษา
ที่ตั้งบริษัท,ข้อมูลสถานประกอบการในการปฎิบัติสหกิจศึกษา
ตำแหน่งที่ตั้ง,ข้อมูลสถานประกอบการในการปฎิบัติสหกิจศึกษา
บริษัทอยู่ไหนครับ,ข้อมูลสถานประกอบการในการปฎิบัติสหกิจศึกษา
บริษัทต้องไปทางไหนครับ,ข้อมูลสถานประกอบการในการปฎิบัติสหกิจศึกษา
บริษัทอยู่ตรงไหน,ข้อมูลสถานประกอบการในการปฎิบัติสหกิจศึกษา
ฝึกงานที่ไหนหรอ,ข้อมูลสถานประกอบการในการปฎิบัติสหกิจศึกษา
ขอที่อยู่ของบริษัทได้ไหมครับ,ข้อมูลสถานประกอบการในการปฎิบัติสหกิจศึกษา
ที่ตั้งบริษัทอยู่ตรงไหนครับ,ข้อมูลสถานประกอบการในการปฎิบัติสหกิจศึกษา
บริษัทนี้มีระบบงานเกี่ยวกับอะไรบ้าง,ข้อมูลสถานประกอบการในการปฎิบัติสหกิจศึกษา
อบริษัทอะไร,ข้อมูลสถานประกอบการในการปฎิบัติสหกิจศึกษา
ที่อยู่บริษัทหรือสถานประกอบการ,ข้อมูลสถานประกอบการในการปฎิบัติสหกิจศึกษา
รูปแบบโครงสร้างของบริษัท,ข้อมูลสถานประกอบการในการปฎิบัติสหกิจศึกษา
ข้อมูลเกี่ยวกับบริษัท,ข้อมูลสถานประกอบการในการปฎิบัติสหกิจศึกษา
ผลงาน/รางวัล ของบริษัท,ข้อมูลสถานประกอบการในการปฎิบัติสหกิจศึกษา
บริษัทอยู่ตรงไหนครับ,ข้อมูลสถานประกอบการในการปฎิบัติสหกิจศึกษา
"ที่ทำงานอยู่ที่ไหน, บริษัทอยู่ที่ไหน",ข้อมูลสถานประกอบการในการปฎิบัติสหกิจศึกษา
ตั้งอยู่ไหน,ข้อมูลสถานประกอบการในการปฎิบัติสหกิจศึกษา
ตั้งอยู่ไหน,ข้อมูลสถานประกอบการในการปฎิบัติสหกิจศึกษา
น่าอยู่ไหม,ข้อมูลสถานประกอบการในการปฎิบัติสหกิจศึกษา
ใครเป็นเจ้าของ,ข้อมูลสถานประกอบการในการปฎิบัติสหกิจศึกษา
ขอสอบถามรายละเอียดสถานประกอบการเพิ่มเติมได้ไหมค่ะ,ข้อมูลสถานประกอบการในการปฎิบัติสหกิจศึกษา
มีแผนกไรบ้าง,ข้อมูลสถานประกอบการในการปฎิบัติสหกิจศึกษา
ที่ทำงานอยู่ตรงไหนครับ,ข้อมูลสถานประกอบการในการปฎิบัติสหกิจศึกษา
สถานประกอบการนี้ตั้งอยู่ที่ไหน,ข้อมูลสถานประกอบการในการปฎิบัติสหกิจศึกษา
บริษัทนี้ตั้งอยู่ที่ไหน,ข้อมูลสถานประกอบการในการปฎิบัติสหกิจศึกษา
บริษัทที่น้องฝึกงานตั้งอยู่ที่ไหน,ข้อมูลสถานประกอบการในการปฎิบัติสหกิจศึกษา
สถานประกอบการนี้อยู่ชั้นไหนครับ,ข้อมูลสถานประกอบการในการปฎิบัติสหกิจศึกษา
เห็นด้วยตามตัวอย่าง,ข้อมูลสถานประกอบการในการปฎิบัติสหกิจศึกษา
พี่คะหนูขอข้อมูลสถานที่ตั้งของบริษัทหน่อยค่ะ หนูต้องเขียนข้อมูลลงในแบบฟอร์มสหกิจศึกษา,ข้อมูลสถานประกอบการในการปฎิบัติสหกิจศึกษา
บริษัทมีจุดสังเกตุอะไรไหมครับ,ข้อมูลสถานประกอบการในการปฎิบัติสหกิจศึกษา
งานในบริษัทเป็นยังไง,ข้อมูลสถานประกอบการในการปฎิบัติสหกิจศึกษา
อยู่แผนกอะไร,ข้อมูลสถานประกอบการในการปฎิบัติสหกิจศึกษา
โครงสร้างบริษัท,ข้อมูลสถานประกอบการในการปฎิบัติสหกิจศึกษา
บรรยากาศในการทำงานเป็นแบบไหน,ข้อมูลสถานประกอบการในการปฎิบัติสหกิจศึกษา
การเดินทางไปยังสถานประกอบการการเดินทางไปได้ยังไงบ้าง สถานประกอบการใช้ tool อะไรบ้าง,ข้อมูลสถานประกอบการในการปฎิบัติสหกิจศึกษา
สถานประการที่จผมจะไปฝึกนี่ชื่ออะไรหรอครับ,ข้อมูลสถานประกอบการในการปฎิบัติสหกิจศึกษา
สถานประกอบการที่ฉันจะไปฝึกชื่อไรหรอคะ,ข้อมูลสถานประกอบการในการปฎิบัติสหกิจศึกษา
สถานประกอบการที่จะไปฝึกชื่ออะไร,ข้อมูลสถานประกอบการในการปฎิบัติสหกิจศึกษา
มีสถานประกอบการกี่แห่งที่ฉันสามารถไปฝึกได้,ข้อมูลสถานประกอบการในการปฎิบัติสหกิจศึกษา
ฉันอยากทราบที่อยู่ขอสถานประกอบการที่ฉันจะไปฝึก,ข้อมูลสถานประกอบการในการปฎิบัติสหกิจศึกษา
ขอทราบชื่อสถานประกอบการทุกแห่งที่สามารถไปฝึกได้หน่อยค่ะ,ข้อมูลสถานประกอบการในการปฎิบัติสหกิจศึกษา
สถานประกอบการที่ฉันจะไปฝึกอยู่ที่ไหน,ข้อมูลสถานประกอบการในการปฎิบัติสหกิจศึกษา
สถานประกอบการที่ฉันจะไปฝึกอยู่ภาคไหน,ข้อมูลสถานประกอบการในการปฎิบัติสหกิจศึกษา
สถานประการที่ฉันจะไปฝึกอยู่จังหวัดอะไร,ข้อมูลสถานประกอบการในการปฎิบัติสหกิจศึกษา
บริษัทที่จะไปฝึกอยู่ตรไหนเค้ารับกี่คน,ข้อมูลสถานประกอบการในการปฎิบัติสหกิจศึกษา
ฉันขอทราบตำแหน่งที่สถานประกอบการรับนักศึกษาฝึกงานหน่อย,ข้อมูลสถานประกอบการในการปฎิบัติสหกิจศึกษา
ที่ตั้งถานประกอบการที่ฉันจะฝึกอยู่ตรงไหน,ข้อมูลสถานประกอบการในการปฎิบัติสหกิจศึกษา
ขอที่อยู่ของสถานประกอบการที่ฉันจะไปฝึกหน่อยค่ะ,ข้อมูลสถานประกอบการในการปฎิบัติสหกิจศึกษา
แบบโครงสร้างบริที่จะไปฝึกเป็นยังไง,ข้อมูลสถานประกอบการในการปฎิบัติสหกิจศึกษา
ขอทราบเจ้าของบริษัทชื่อไร,ข้อมูลสถานประกอบการในการปฎิบัติสหกิจศึกษา
ดิฉันขอข้อมูลเกี่ยวกับบริษัทที่จะออกฝึกงานหน่อย,ข้อมูลสถานประกอบการในการปฎิบัติสหกิจศึกษา
สถานประกอบที่ดิฉันจะปฝึกอยู่ที่ไหน,ข้อมูลสถานประกอบการในการปฎิบัติสหกิจศึกษา
ขอทราบข้อมูลบริษัทที่ฉันต้องออกฝึกน่อยค่ะว่าป็นบริษัทเกี่ยวกับอะไร,ข้อมูลสถานประกอบการในการปฎิบัติสหกิจศึกษา
ขอทราบชื่อสถานประกอบการหน่อยค่ะ,ข้อมูลสถานประกอบการในการปฎิบัติสหกิจศึกษา
ขอทราบชื่อสถานปรกอบการหน่อยไดมั้ยคะ,ข้อมูลสถานประกอบการในการปฎิบัติสหกิจศึกษา
ตั้งอยู่ที่ไหนหรอคะสถานประกอบการที่ฉันจะปฝึกสหกิจ,ข้อมูลสถานประกอบการในการปฎิบัติสหกิจศึกษา
หนูขอทราบชื่อสถานประกอบการที่จะไปฝึกสหกิจหน่อยค่ระ,ข้อมูลสถานประกอบการในการปฎิบัติสหกิจศึกษา
สถานประกอบการที่ฉันจะไปฝึกตั้งอยู่ภาคไหนของประเทศไทยคะ,ข้อมูลสถานประกอบการในการปฎิบัติสหกิจศึกษา
สถานประการที่ฉันจะไปฝึกมีผู้บริหารชื่ออะไร,ข้อมูลสถานประกอบการในการปฎิบัติสหกิจศึกษา
ขอทราบถึงข้อมูลคร่าวๆของข้อมูลสถานประกอบการหน่อยค่ะ,ข้อมูลสถานประกอบการในการปฎิบัติสหกิจศึกษา
สถานประกอบการที่ฉันจะไปฝึกเขาทำงานด้านไหน,ข้อมูลสถานประกอบการในการปฎิบัติสหกิจศึกษา
สถานประกอบการที่ฉันจะไปฝึกเค้าทำงานเกี่ยวกับด้านไหน,ข้อมูลสถานประกอบการในการปฎิบัติสหกิจศึกษา
ที่อยู่ของสถานประกอบการที่ฉันไปฝึกอยู่ที่ไหน,ข้อมูลสถานประกอบการในการปฎิบัติสหกิจศึกษา
ขอทราบที่อยู่สถานประกอบการที่จะไปฝึกหน่อยค่ะว่าอยู่ที่ไหน,ข้อมูลสถานประกอบการในการปฎิบัติสหกิจศึกษา
สถานประการแต่ล่ะที่ ที่สามารถไปฝึกได้มีชื่ออะไรบ้าง,ข้อมูลสถานประกอบการในการปฎิบัติสหกิจศึกษา
สถานประกอบการแต่ล่ะที่ ที่สามารถไปฝึกได้รับนักศึกษามากที่สุดกี่คน,ข้อมูลสถานประกอบการในการปฎิบัติสหกิจศึกษา
บริษัทที่ดิฉันฝึกอยู่ท่ไหนหรอคะ,ข้อมูลสถานประกอบการในการปฎิบัติสหกิจศึกษา
อยากทราบว่าสถานประกอบการที่ฉันจะไปฝึกสหกิจมีกี่ที่ ที่รับนักศึกษาฝึกงานมากที่สุด,ข้อมูลสถานประกอบการในการปฎิบัติสหกิจศึกษา
ขอที่อยู่ของสถานประกอบการนี้หน่อยค่ะ,ข้อมูลสถานประกอบการในการปฎิบัติสหกิจศึกษา
ขอที่อยู่ของสถานประกอบนี้หน่อยครับ,ข้อมูลสถานประกอบการในการปฎิบัติสหกิจศึกษา
ขอที่อยู่ของสถานประกอบการนี้หน่อยฮะ,ข้อมูลสถานประกอบการในการปฎิบัติสหกิจศึกษา
ขอทราบข้อมูลสถานประกอบแบบคร่าวๆที่ฉันจะไปฝึกหน่อยค่ะ,ข้อมูลสถานประกอบการในการปฎิบัติสหกิจศึกษา
สถานประกอบการนี้ตั้งอยู่ที่ไหนหรอคะ,ข้อมูลสถานประกอบการในการปฎิบัติสหกิจศึกษา
สถานประกอบการนี้ตั้งอยู่ที่ไหนหรอครับ,ข้อมูลสถานประกอบการในการปฎิบัติสหกิจศึกษา
สถานประกอบการที่หนูจะไปฝึกนี่เขานับกี่นักศึกษาฝึกสหกิจกี่คนหรอคะ,ข้อมูลสถานประกอบการในการปฎิบัติสหกิจศึกษา
บริษัทที่ฉันจะไปฝึกตั้งอยู๋ตรงไหนหรอคะ,ข้อมูลสถานประกอบการในการปฎิบัติสหกิจศึกษา
บริษัที่ฉันจะไปฝึกเขาทำงานด้านไหนบ้างคะอยากทราบ,ข้อมูลสถานประกอบการในการปฎิบัติสหกิจศึกษา
ขอทราบชื่อสถานประการที่ฉันจะไปฝึกหน่อยค่ะว่าชื่อะไร,ข้อมูลสถานประกอบการในการปฎิบัติสหกิจศึกษา
ขอทราบชื่อสถานประกอบการที่ผมจะไปฝึกหน่อยครับว่าชื่ออะไร,ข้อมูลสถานประกอบการในการปฎิบัติสหกิจศึกษา
อยู่ภาคไหนหรอคะสถานประกอบการที่ฉันจะไปฝึก,ข้อมูลสถานประกอบการในการปฎิบัติสหกิจศึกษา
อยู่ภาคไหนหรอครับสถานประกอบการที่ผมจะไปฝึก,ข้อมูลสถานประกอบการในการปฎิบัติสหกิจศึกษา
ชื่อสถานประกอบที่ผมจะไปฝึกนี่ชื่ออะไรหรอคับ,ข้อมูลสถานประกอบการในการปฎิบัติสหกิจศึกษา
ตำแหน่งที่ตั้งขอบริษัทตั้งอยู่ตรงไหนหรอคะ,ข้อมูลสถานประกอบการในการปฎิบัติสหกิจศึกษา
ฉันขอดูประวัติสถานประกอบการหน่อยค่ะ,ข้อมูลสถานประกอบการในการปฎิบัติสหกิจศึกษา
สถานประการนี้ทำงานด้านอะไร,ข้อมูลสถานประกอบการในการปฎิบัติสหกิจศึกษา
ที่ทำงานอยู่ตรงไหนฮะ,ข้อมูลสถานประกอบการในการปฎิบัติสหกิจศึกษา
ที่ทำงานอยู่ตรงไหนคะ,ข้อมูลสถานประกอบการในการปฎิบัติสหกิจศึกษา
ที่ทำงานอยู่ตรงไหนครับ,ข้อมูลสถานประกอบการในการปฎิบัติสหกิจศึกษา
ตั้งอยู่ที่ไหนหรอครับสถานประกอบการที่ผมจะไปฝึก,ข้อมูลสถานประกอบการในการปฎิบัติสหกิจศึกษา
ตั้งอยู่ที่ไหนหรอคะสถานประการที่ฉันจะไปฝึก,ข้อมูลสถานประกอบการในการปฎิบัติสหกิจศึกษา
อยากถามว่าสถานประกอบการที่ฉันจะไปฝึกตำแหน่งที่ตั้งอยู่ตรงไหนหรอคะ,ข้อมูลสถานประกอบการในการปฎิบัติสหกิจศึกษา
ขอทราบชื่อสถานประกอบการที่ฉันจะไปฝึกหน่อยค่ะ,ข้อมูลสถานประกอบการในการปฎิบัติสหกิจศึกษา
ขอทราบชื่อสถานประกอบการที่ผมจะไปฝึกหน่อยครับ,ข้อมูลสถานประกอบการในการปฎิบัติสหกิจศึกษา
สถานประกอบการที่นี้รับกี่คนหรอคะ,ข้อมูลสถานประกอบการในการปฎิบัติสหกิจศึกษา
สถานประกอบการที่ดิฉันจะออกฝึกทางสถานประกอบการรับมากที่สุดกี่คนหรอคะ,ข้อมูลสถานประกอบการในการปฎิบัติสหกิจศึกษา
หนูอยากทราบว่าสถานประกอบที่รับมากที่สุดกี่คนหรอคะ,ข้อมูลสถานประกอบการในการปฎิบัติสหกิจศึกษา
สถานประกอบการมีสวัสดิการให้กับผู้ออกฝึกสหกิจอะไรบ้าง,ข้อมูลสถานประกอบการในการปฎิบัติสหกิจศึกษา
สถานประกอบการเขามีสวัสดิการให้กับผู้ออกฝึกสหกิจมั้ย,ข้อมูลสถานประกอบการในการปฎิบัติสหกิจศึกษา
สถานประกอบการที่ฉันไปออกฝึกสหกิจมีค่าตอบแทนให้มั้ย,ข้อมูลสถานประกอบการในการปฎิบัติสหกิจศึกษา
สถานประกอบการที่ฉันไปออกฝึกสหกิจมีเงินเดือนให้มั้ย,ข้อมูลสถานประกอบการในการปฎิบัติสหกิจศึกษา
อยากทราบว่าสถานประกอบการนี้มีค่าตอบแทนในการออกฝึกให้ไหม,ข้อมูลสถานประกอบการในการปฎิบัติสหกิจศึกษา
บริษัทมีจุดสังเกตุอะไรไหมครับ,ข้อมูลสถานประกอบการในการปฎิบัติสหกิจศึกษา
งานในบริษัทเป็นยังไง,ข้อมูลสถานประกอบการในการปฎิบัติสหกิจศึกษา
อยู่แผนกอะไร,ข้อมูลสถานประกอบการในการปฎิบัติสหกิจศึกษา
โครงสร้างบริษัท,ข้อมูลสถานประกอบการในการปฎิบัติสหกิจศึกษา
บรรยากาศในการทำงานเป็นแบบไหน,ข้อมูลสถานประกอบการในการปฎิบัติสหกิจศึกษา
ตั้งอยู่ไหน,ข้อมูลสถานประกอบการในการปฎิบัติสหกิจศึกษา
น่าอยู่ไหม,ข้อมูลสถานประกอบการในการปฎิบัติสหกิจศึกษา
ใครเป็นเจ้าของ,ข้อมูลสถานประกอบการในการปฎิบัติสหกิจศึกษา
ขอสอบถามรายละเอียดสถานประกอบการเพิ่มเติมได้ไหมค่ะ,ข้อมูลสถานประกอบการในการปฎิบัติสหกิจศึกษา
มีแผนกไรบ้าง,ข้อมูลสถานประกอบการในการปฎิบัติสหกิจศึกษา
ที่ทำงานอยู่ตรงไหนครับ,ข้อมูลสถานประกอบการในการปฎิบัติสหกิจศึกษา
สถานประกอบการนี้ตั้งอยู่ที่ไหน,ข้อมูลสถานประกอบการในการปฎิบัติสหกิจศึกษา
บริษัทนี้ตั้งอยู่ที่ไหน,ข้อมูลสถานประกอบการในการปฎิบัติสหกิจศึกษา
บริษัทที่น้องฝึกงานตั้งอยู่ที่ไหน,ข้อมูลสถานประกอบการในการปฎิบัติสหกิจศึกษา
สถานประกอบการนี้อยู่ชั้นไหนครับ,ข้อมูลสถานประกอบการในการปฎิบัติสหกิจศึกษา
เห็นด้วยตามตัวอย่าง,ข้อมูลสถานประกอบการในการปฎิบัติสหกิจศึกษา
พี่คะหนูขอข้อมูลสถานที่ตั้งของบริษัทหน่อยค่ะ หนูต้องเขียนข้อมูลลงในแบบฟอร์มสหกิจศึกษา,ข้อมูลสถานประกอบการในการปฎิบัติสหกิจศึกษา
บริษัทมีจุดสังเกตุอะไรไหมครับ,ข้อมูลสถานประกอบการในการปฎิบัติสหกิจศึกษา
งานในบริษัทเป็นยังไง,ข้อมูลสถานประกอบการในการปฎิบัติสหกิจศึกษา
อยู่แผนกอะไร,ข้อมูลสถานประกอบการในการปฎิบัติสหกิจศึกษา
โครงสร้างบริษัท,ข้อมูลสถานประกอบการในการปฎิบัติสหกิจศึกษา
บรรยากาศในการทำงานเป็นแบบไหน,ข้อมูลสถานประกอบการในการปฎิบัติสหกิจศึกษา
การเดินทางไปยังสถานประกอบการการเดินทางไปได้ยังไงบ้าง สถานประกอบการใช้ tool อะไรบ้าง,ข้อมูลสถานประกอบการในการปฎิบัติสหกิจศึกษา
สถานประการที่จผมจะไปฝึกนี่ชื่ออะไรหรอครับ,ข้อมูลสถานประกอบการในการปฎิบัติสหกิจศึกษา
สถานประกอบการที่ฉันจะไปฝึกชื่อไรหรอคะ,ข้อมูลสถานประกอบการในการปฎิบัติสหกิจศึกษา
สถานประกอบการที่จะไปฝึกชื่ออะไร,ข้อมูลสถานประกอบการในการปฎิบัติสหกิจศึกษา
มีสถานประกอบการกี่แห่งที่ฉันสามารถไปฝึกได้,ข้อมูลสถานประกอบการในการปฎิบัติสหกิจศึกษา
ฉันอยากทราบที่อยู่ขอสถานประกอบการที่ฉันจะไปฝึก,ข้อมูลสถานประกอบการในการปฎิบัติสหกิจศึกษา
ขอทราบชื่อสถานประกอบการทุกแห่งที่สามารถไปฝึกได้หน่อยค่ะ,ข้อมูลสถานประกอบการในการปฎิบัติสหกิจศึกษา
สถานประกอบการที่ฉันจะไปฝึกอยู่ที่ไหน,ข้อมูลสถานประกอบการในการปฎิบัติสหกิจศึกษา
สถานประกอบการที่ฉันจะไปฝึกอยู่ภาคไหน,ข้อมูลสถานประกอบการในการปฎิบัติสหกิจศึกษา
สถานประการที่ฉันจะไปฝึกอยู่จังหวัดอะไร,ข้อมูลสถานประกอบการในการปฎิบัติสหกิจศึกษา
บริษัทที่จะไปฝึกอยู่ตรไหนเค้ารับกี่คน,ข้อมูลสถานประกอบการในการปฎิบัติสหกิจศึกษา
ฉันขอทราบตำแหน่งที่สถานประกอบการรับนักศึกษาฝึกงานหน่อย,ข้อมูลสถานประกอบการในการปฎิบัติสหกิจศึกษา
ที่ตั้งถานประกอบการที่ฉันจะฝึกอยู่ตรงไหน,ข้อมูลสถานประกอบการในการปฎิบัติสหกิจศึกษา
ขอที่อยู่ของสถานประกอบการที่ฉันจะไปฝึกหน่อยค่ะ,ข้อมูลสถานประกอบการในการปฎิบัติสหกิจศึกษา
แบบโครงสร้างบริที่จะไปฝึกเป็นยังไง,ข้อมูลสถานประกอบการในการปฎิบัติสหกิจศึกษา
ขอทราบเจ้าของบริษัทชื่อไร,ข้อมูลสถานประกอบการในการปฎิบัติสหกิจศึกษา
ดิฉันขอข้อมูลเกี่ยวกับบริษัทที่จะออกฝึกงานหน่อย,ข้อมูลสถานประกอบการในการปฎิบัติสหกิจศึกษา
สถานประกอบที่ดิฉันจะปฝึกอยู่ที่ไหน,ข้อมูลสถานประกอบการในการปฎิบัติสหกิจศึกษา
ขอทราบข้อมูลบริษัทที่ฉันต้องออกฝึกน่อยค่ะว่าป็นบริษัทเกี่ยวกับอะไร,ข้อมูลสถานประกอบการในการปฎิบัติสหกิจศึกษา
ขอทราบชื่อสถานประกอบการหน่อยค่ะ,ข้อมูลสถานประกอบการในการปฎิบัติสหกิจศึกษา
ขอทราบชื่อสถานปรกอบการหน่อยไดมั้ยคะ,ข้อมูลสถานประกอบการในการปฎิบัติสหกิจศึกษา
ตั้งอยู่ที่ไหนหรอคะสถานประกอบการที่ฉันจะปฝึกสหกิจ,ข้อมูลสถานประกอบการในการปฎิบัติสหกิจศึกษา
หนูขอทราบชื่อสถานประกอบการที่จะไปฝึกสหกิจหน่อยค่ระ,ข้อมูลสถานประกอบการในการปฎิบัติสหกิจศึกษา
ข้อมูลส่วนตัวของฉัน ฉันส่งไปครบรึยังขอดูหน่อย,ข้อมูลนักศึกษาในการออกฝึกปฎิบัติสหกิจศึกษา
ข้อฒุลส่วนตัวของผม ผมส่งไปครบรึยังขอดูหน่อย,ข้อมูลนักศึกษาในการออกฝึกปฎิบัติสหกิจศึกษา
ฉันขอดูข้อมูลส่วนตัวขฮงฉันหน่อย อยากทราบว่าถูกต้องไหม,ข้อมูลนักศึกษาในการออกฝึกปฎิบัติสหกิจศึกษา
ดิฉันขอดูข้อมูลส่วนตัวหน่อย อยากทราบว่าถูกต้องมั้ย,ข้อมูลนักศึกษาในการออกฝึกปฎิบัติสหกิจศึกษา
ถูกต้องครบถ้วนดีใช่มั้ยครับข้อมูลของผมขอดูหน่อย,ข้อมูลนักศึกษาในการออกฝึกปฎิบัติสหกิจศึกษา
ข้อมูลส่วนตัวของผมมีตรงไหนที่ไม่ถูกต้องไหมขอดูหน่อย,ข้อมูลนักศึกษาในการออกฝึกปฎิบัติสหกิจศึกษา
อยากจะให้ตรวจสอบข้อมูลของผมที่ส่งไปให้หน่อย,ข้อมูลนักศึกษาในการออกฝึกปฎิบัติสหกิจศึกษา
ข้อมูลส่วนตัว,ข้อมูลนักศึกษาในการออกฝึกปฎิบัติสหกิจศึกษา
ข้อมูลของฉัน,ข้อมูลนักศึกษาในการออกฝึกปฎิบัติสหกิจศึกษา
ขอเบิ่งข้อมูลเเน่,ข้อมูลนักศึกษาในการออกฝึกปฎิบัติสหกิจศึกษา
ประวัติข้อมูล,ข้อมูลนักศึกษาในการออกฝึกปฎิบัติสหกิจศึกษา
โชว์ข้อมูล,ข้อมูลนักศึกษาในการออกฝึกปฎิบัติสหกิจศึกษา
ขอดูข้อมูลหน่อยสิ,ข้อมูลนักศึกษาในการออกฝึกปฎิบัติสหกิจศึกษา
ขอข้อมูลที่เกี่ยวข้องหน่อยได้ไหม,ข้อมูลนักศึกษาในการออกฝึกปฎิบัติสหกิจศึกษา
ผมขอดูข้อมูลของผมหน่อยได้ไหมครับ,ข้อมูลนักศึกษาในการออกฝึกปฎิบัติสหกิจศึกษา
ประวัติข้อมูล,ข้อมูลนักศึกษาในการออกฝึกปฎิบัติสหกิจศึกษา
ข้อมูลของฉันถูกต้องไหมค่ะ,ข้อมูลนักศึกษาในการออกฝึกปฎิบัติสหกิจศึกษา
ขอดูข้อมูลของฉันหน่อย,ข้อมูลนักศึกษาในการออกฝึกปฎิบัติสหกิจศึกษา
ขอดูผลการเรียนของฉัน,ข้อมูลนักศึกษาในการออกฝึกปฎิบัติสหกิจศึกษา
ตรวจสอบค่าเทอม,ข้อมูลนักศึกษาในการออกฝึกปฎิบัติสหกิจศึกษา
ขอดูประวัติส่วนตัวของฉัน,ข้อมูลนักศึกษาในการออกฝึกปฎิบัติสหกิจศึกษา
ตรวจสอบชั่วโมงกิจกรรม,ข้อมูลนักศึกษาในการออกฝึกปฎิบัติสหกิจศึกษา
ขอดูข้อมูลน้องฝึกงานหน่อยครับ,ข้อมูลนักศึกษาในการออกฝึกปฎิบัติสหกิจศึกษา
ข้อมูลของฉัน,ข้อมูลนักศึกษาในการออกฝึกปฎิบัติสหกิจศึกษา
แนะนำตัวหน่อย,ข้อมูลนักศึกษาในการออกฝึกปฎิบัติสหกิจศึกษา
ชื่อไร,ข้อมูลนักศึกษาในการออกฝึกปฎิบัติสหกิจศึกษา
ชื่อเล่นไร,ข้อมูลนักศึกษาในการออกฝึกปฎิบัติสหกิจศึกษา
ขอดูข้อมูลของฉันหน่อยได้ไหม,ข้อมูลนักศึกษาในการออกฝึกปฎิบัติสหกิจศึกษา
ชื่อเล่นไร ,ข้อมูลนักศึกษาในการออกฝึกปฎิบัติสหกิจศึกษา
ชอบทำงานแนวไหน,ข้อมูลนักศึกษาในการออกฝึกปฎิบัติสหกิจศึกษา
คิดว่าตัวเองเป็นคนยังไง,ข้อมูลนักศึกษาในการออกฝึกปฎิบัติสหกิจศึกษา
ขอดูข้อมูลของผมหน่อย,ข้อมูลนักศึกษาในการออกฝึกปฎิบัติสหกิจศึกษา
ค้นหาข้อมูลฉัน,ข้อมูลนักศึกษาในการออกฝึกปฎิบัติสหกิจศึกษา
ข้อดูข้อมูลของฉัน,ข้อมูลนักศึกษาในการออกฝึกปฎิบัติสหกิจศึกษา
กรอกข้อมูลที่อยู่ สกิลของน้องที่ถนัด เขียนเยอะได้ยิ่งดีครับ,ข้อมูลนักศึกษาในการออกฝึกปฎิบัติสหกิจศึกษา
ขอตรวจสอบข้อมูลของผมหน่อยครับ,ข้อมูลนักศึกษาในการออกฝึกปฎิบัติสหกิจศึกษา
ตรวจสอบข้อมูลประวัติของฉัน,ข้อมูลนักศึกษาในการออกฝึกปฎิบัติสหกิจศึกษา
ข้อมูลของฉันที่ส่งไปกรอกครบหรือไม่,ข้อมูลนักศึกษาในการออกฝึกปฎิบัติสหกิจศึกษา
ขอทราบข้อมูของฉันหน่อย,ข้อมูลนักศึกษาในการออกฝึกปฎิบัติสหกิจศึกษา
ขอทราบข้อมูลของดิฉันหน่อย,ข้อมูลนักศึกษาในการออกฝึกปฎิบัติสหกิจศึกษา
ขอทราบข้อมูลของผมหน่อย,ข้อมูลนักศึกษาในการออกฝึกปฎิบัติสหกิจศึกษา
ขอทราบข้อมูลของหนูหน่อยค่ะว่าครบถ้วนมั้ย,ข้อมูลนักศึกษาในการออกฝึกปฎิบัติสหกิจศึกษา
ข้อมูลส่วนตัวของฉันเป็นยังไงบ้างขอดูหน่อย,ข้อมูลนักศึกษาในการออกฝึกปฎิบัติสหกิจศึกษา
ข้อมูลส่วนตัวของผมเป็นยังไงบ้างขอดูหน่อยครับ,ข้อมูลนักศึกษาในการออกฝึกปฎิบัติสหกิจศึกษา
ขอมูลของกระผมครบถ้วนสมบูรณ์ดีมั้ยครับ,ข้อมูลนักศึกษาในการออกฝึกปฎิบัติสหกิจศึกษา
ข้อมูลของฉันถูกต้องรึเปล่าคะขอดูหน่อย,ข้อมูลนักศึกษาในการออกฝึกปฎิบัติสหกิจศึกษา
ข้อมูลของผมเป็นยังไงบ้างครับขอดูหนิอย,ข้อมูลนักศึกษาในการออกฝึกปฎิบัติสหกิจศึกษา
ขอเช็คข้อมูลส่วนตัวของผมหน่อยครับว่าถูกต้องมั้ย,ข้อมูลนักศึกษาในการออกฝึกปฎิบัติสหกิจศึกษา
ข้อมูลที่ให้ไปครบถ้วนมั้ยคะขอตรวจดูหน่อย,ข้อมูลนักศึกษาในการออกฝึกปฎิบัติสหกิจศึกษา
ชื่อของฉันถูกต้องมั้ยคะขอดูหน่อย,ข้อมูลนักศึกษาในการออกฝึกปฎิบัติสหกิจศึกษา
ชื่อของผมถูกต้องมั้ยครับขอดูหน่อย,ข้อมูลนักศึกษาในการออกฝึกปฎิบัติสหกิจศึกษา
ขอตรวจดูข้อมูหน่อยครับ,ข้อมูลนักศึกษาในการออกฝึกปฎิบัติสหกิจศึกษา
ข้อูที่ใหไปมันถูกต้องมั้ยครับผมขอตรวจดูหน่อย,ข้อมูลนักศึกษาในการออกฝึกปฎิบัติสหกิจศึกษา
ขอดูข้อมูลส่วนตัวของดิฉันหนิอยค่ะ,ข้อมูลนักศึกษาในการออกฝึกปฎิบัติสหกิจศึกษา
ขอดูข้อมูลส่วนตัวของฉันหน่อย,ข้อมูลนักศึกษาในการออกฝึกปฎิบัติสหกิจศึกษา
ฉันขอดูข้อมูลของฉันหน่อย,ข้อมูลนักศึกษาในการออกฝึกปฎิบัติสหกิจศึกษา
ผมขอดูข้อมูลของผมหน่อย,ข้อมูลนักศึกษาในการออกฝึกปฎิบัติสหกิจศึกษา
ดิฉันขอดูข้อมูลของดิฉันหน่อยค่ะ,ข้อมูลนักศึกษาในการออกฝึกปฎิบัติสหกิจศึกษา
ข้อมูลของฉันถูกต้องมั้ยคะ,ข้อมูลนักศึกษาในการออกฝึกปฎิบัติสหกิจศึกษา
ข้อมูลของผมถูกต้องมั้ยครับ,ข้อมูลนักศึกษาในการออกฝึกปฎิบัติสหกิจศึกษา
ขอดูข้อมูลที่ผมส่งให้หน่อยครับ,ข้อมูลนักศึกษาในการออกฝึกปฎิบัติสหกิจศึกษา
ขอตรวจสอบดูข้อมูลที่ส่งให้หน่อยค่ะ,ข้อมูลนักศึกษาในการออกฝึกปฎิบัติสหกิจศึกษา
ขอตรวจดูข้อมูลที่ส่งให้หนน่อยครับ,ข้อมูลนักศึกษาในการออกฝึกปฎิบัติสหกิจศึกษา
ขอตรวจดูข้อมูลที่ส่งให้หน่อย,ข้อมูลนักศึกษาในการออกฝึกปฎิบัติสหกิจศึกษา
เป็นไงบ้างข้อมูลที่ฉันส่งไปครบถ้วนดีมั้ยขอดูหน่อย,ข้อมูลนักศึกษาในการออกฝึกปฎิบัติสหกิจศึกษา
เป็นไงบ้างครับข้อมูลที่ผมส่งไปครบถ้วนมั้ยครับขอดูหน่อย,ข้อมูลนักศึกษาในการออกฝึกปฎิบัติสหกิจศึกษา
ขอตรวจสอบข้อมูลที่ส่งให้หน่อยค่ะ,ข้อมูลนักศึกษาในการออกฝึกปฎิบัติสหกิจศึกษา
ขอตรวจสอบข้อมูลที่ส่งให้หน่อยครับ,ข้อมูลนักศึกษาในการออกฝึกปฎิบัติสหกิจศึกษา
อยากทราบว่าข้อมูลฉันถูกต้องมั้ยขอดูหน่อย,ข้อมูลนักศึกษาในการออกฝึกปฎิบัติสหกิจศึกษา
อยากทราบว่าข้อมูของผมถูมั้ยครับ,ข้อมูลนักศึกษาในการออกฝึกปฎิบัติสหกิจศึกษา
อยากทราบว่าข้อมูลส่วนตัวของผมมีตรงไหนที่ผิดมั้ยครับ,ข้อมูลนักศึกษาในการออกฝึกปฎิบัติสหกิจศึกษา
อยากทราบข้อมูลส่วนตัวของฉันมีตรงไหนที่ผิดมั้ยคะ,ข้อมูลนักศึกษาในการออกฝึกปฎิบัติสหกิจศึกษา
ขอดูข้อมูลส่วนตัวหน่อยได้มั้ย,ข้อมูลนักศึกษาในการออกฝึกปฎิบัติสหกิจศึกษา
ขอดูข้อมูลของฉันหน่อยได้มั้ยคะ,ข้อมูลนักศึกษาในการออกฝึกปฎิบัติสหกิจศึกษา
ข้อมูลของฉันมีตรงไหนที่ผิมั้ย,ข้อมูลนักศึกษาในการออกฝึกปฎิบัติสหกิจศึกษา
ข้อมูลของผมมีตรงไหนที่ผิดมั้ย,ข้อมูลนักศึกษาในการออกฝึกปฎิบัติสหกิจศึกษา
ข้อมูลของผมเป็นยังไงบ้างที่ส่งไปถูกมั้ยครับขอดูหน่อย,ข้อมูลนักศึกษาในการออกฝึกปฎิบัติสหกิจศึกษา
ข้อมูลของฉันเป็นยังไงบ้างที่ส่งไปถูกไหมคะขอดูหน่อย,ข้อมูลนักศึกษาในการออกฝึกปฎิบัติสหกิจศึกษา
ขอดูข้อมูลหน่อยสิคะ,ข้อมูลนักศึกษาในการออกฝึกปฎิบัติสหกิจศึกษา
หนูขอดูข้อมูลส่วนตัวหน่อยได้มั้ยคะ,ข้อมูลนักศึกษาในการออกฝึกปฎิบัติสหกิจศึกษา
ขอดูข้อมูลส่วนตัวฉันหน่อย,ข้อมูลนักศึกษาในการออกฝึกปฎิบัติสหกิจศึกษา
ฉันขอดูข้อมูลที่ส่งไปหน่อย,ข้อมูลนักศึกษาในการออกฝึกปฎิบัติสหกิจศึกษา
ถูกตต้องมั้ยคะข้อมูลที่ส่งไปขดูหน่อย,ข้อมูลนักศึกษาในการออกฝึกปฎิบัติสหกิจศึกษา
อยากดูข้อมูลส่วนตัวของฉัน,ข้อมูลนักศึกษาในการออกฝึกปฎิบัติสหกิจศึกษา
อยากดูข้อมูลส่วนตัวของผม,ข้อมูลนักศึกษาในการออกฝึกปฎิบัติสหกิจศึกษา
อยากตรวจสอบข้อมูลส่วนตัวค่ะว่าจะถูกต้องมั้ย,ข้อมูลนักศึกษาในการออกฝึกปฎิบัติสหกิจศึกษา
อยากดูข้อมูลส่วนตัวครับว่าจะถูกต้องมั้ย,ข้อมูลนักศึกษาในการออกฝึกปฎิบัติสหกิจศึกษา
ข้อมูลที่ส่งให้ครบถ้วนมั้ยครับขอดูหน่อย,ข้อมูลนักศึกษาในการออกฝึกปฎิบัติสหกิจศึกษา
ข้อมูที่ส่งให้ครับถ้วนมั้ยคะขอดูหน่อย,ข้อมูลนักศึกษาในการออกฝึกปฎิบัติสหกิจศึกษา
หนูขอดูข้อมูลส่วนตัวหน่อยได้มั้ยคะ,ข้อมูลนักศึกษาในการออกฝึกปฎิบัติสหกิจศึกษา
อยากทราบว่าข้อมูลส่วนตัวถูกมั้ยขอตรวจสอบหน่อยค่ะ,ข้อมูลนักศึกษาในการออกฝึกปฎิบัติสหกิจศึกษา
อยากทราบว่าข้อมูส่วนตัวถูกต้องมั้ยขอดูหน่อยครับ,ข้อมูลนักศึกษาในการออกฝึกปฎิบัติสหกิจศึกษา
ข้อมูลของฉันมีตรงไหนที่ไม่ถูกต้องมั้ยคะขอดูหน่อย,ข้อมูลนักศึกษาในการออกฝึกปฎิบัติสหกิจศึกษา
ข้อมูลของผมมีตรงไหนที่ไม่ถูกต้องมั้ยครับขอดูหน่อย,ข้อมูลนักศึกษาในการออกฝึกปฎิบัติสหกิจศึกษา
ข้อมูลส่วนตัวของฉันมีตรงไหนที่ไม่ถูกต้องมั้ยขอดูหน่อย,ข้อมูลนักศึกษาในการออกฝึกปฎิบัติสหกิจศึกษา
ข้อมูลของผมมีตรงไหนที่ไม่ถูกต้องไหมขอดูหน่อย,ข้อมูลนักศึกษาในการออกฝึกปฎิบัติสหกิจศึกษา
ข้อมูลส่วนตัวของผมมีตรงไหนที่ไม่ถูกต้องไหมขอดูหน่อย,ข้อมูลนักศึกษาในการออกฝึกปฎิบัติสหกิจศึกษา
ข้อมูลส่วนตัวของฉัน ฉันส่งไปครบรึยังขอดูหน่อย,ข้อมูลนักศึกษาในการออกฝึกปฎิบัติสหกิจศึกษา
ข้อฒุลส่วนตัวของผม ผมส่งไปครบรึยังขอดูหน่อย,ข้อมูลนักศึกษาในการออกฝึกปฎิบัติสหกิจศึกษา
ฉันขอดูข้อมูลส่วนตัวขฮงฉันหน่อย อยากทราบว่าถูกต้องไหม,ข้อมูลนักศึกษาในการออกฝึกปฎิบัติสหกิจศึกษา
ดิฉันขอดูข้อมูลส่วนตัวหน่อย อยากทราบว่าถูกต้องมั้ย,ข้อมูลนักศึกษาในการออกฝึกปฎิบัติสหกิจศึกษา
ถูกต้องครบถ้วนดีใช่มั้ยครับข้อมูลของผมขอดูหน่อย,ข้อมูลนักศึกษาในการออกฝึกปฎิบัติสหกิจศึกษา
ถูกต้องครบถ้วนดีใช่มั้ยคะข้อมูของฉันขอตรวจสอบหน่อย,ข้อมูลนักศึกษาในการออกฝึกปฎิบัติสหกิจศึกษา
ขอตรวจสอบข้อมูลของฉํนหน่อยค่ะอยากทราบว่ามันครบถ้วนดีรึเปล่า,ข้อมูลนักศึกษาในการออกฝึกปฎิบัติสหกิจศึกษา
ขอดูข้อมูลของฉันหน่อย,ข้อมูลนักศึกษาในการออกฝึกปฎิบัติสหกิจศึกษา
ชื่อของผมถูกต้องมั้ยครับขอดูหน่อย,ข้อมูลนักศึกษาในการออกฝึกปฎิบัติสหกิจศึกษา
ขอตรวจดูข้อมูหน่อยครับ,ข้อมูลนักศึกษาในการออกฝึกปฎิบัติสหกิจศึกษา
ข้อูที่ใหไปมันถูกต้องมั้ยครับผมขอตรวจดูหน่อย,ข้อมูลนักศึกษาในการออกฝึกปฎิบัติสหกิจศึกษา
ขอดูข้อมูลส่วนตัวของดิฉันหนิอยค่ะ,ข้อมูลนักศึกษาในการออกฝึกปฎิบัติสหกิจศึกษา
ขอดูข้อมูลส่วนตัวของฉันหน่อย,ข้อมูลนักศึกษาในการออกฝึกปฎิบัติสหกิจศึกษา
ฉันขอดูข้อมูลของฉันหน่อย,ข้อมูลนักศึกษาในการออกฝึกปฎิบัติสหกิจศึกษา
ผมขอดูข้อมูลของผมหน่อย,ข้อมูลนักศึกษาในการออกฝึกปฎิบัติสหกิจศึกษา
ดิฉันขอดูข้อมูลของดิฉันหน่อยค่ะ,ข้อมูลนักศึกษาในการออกฝึกปฎิบัติสหกิจศึกษา
ข้อมูลของฉันถูกต้องมั้ยคะ,ข้อมูลนักศึกษาในการออกฝึกปฎิบัติสหกิจศึกษา
ข้อมูลของผมถูกต้องมั้ยครับ,ข้อมูลนักศึกษาในการออกฝึกปฎิบัติสหกิจศึกษา
ขอดูข้อมูลที่ผมส่งให้หน่อยครับ,ข้อมูลนักศึกษาในการออกฝึกปฎิบัติสหกิจศึกษา
ขอตรวจสอบดูข้อมูลที่ส่งให้หน่อยค่ะ,ข้อมูลนักศึกษาในการออกฝึกปฎิบัติสหกิจศึกษา
ขอตรวจดูข้อมูลที่ส่งให้หนน่อยครับ,ข้อมูลนักศึกษาในการออกฝึกปฎิบัติสหกิจศึกษา
ขอตรวจดูข้อมูลที่ส่งให้หน่อย,ข้อมูลนักศึกษาในการออกฝึกปฎิบัติสหกิจศึกษา
เป็นไงบ้างข้อมูลที่ฉันส่งไปครบถ้วนดีมั้ยขอดูหน่อย,ข้อมูลนักศึกษาในการออกฝึกปฎิบัติสหกิจศึกษา
เป็นไงบ้างครับข้อมูลที่ผมส่งไปครบถ้วนมั้ยครับขอดูหน่อย,ข้อมูลนักศึกษาในการออกฝึกปฎิบัติสหกิจศึกษา
ขอตรวจสอบข้อมูลที่ส่งให้หน่อยค่ะ,ข้อมูลนักศึกษาในการออกฝึกปฎิบัติสหกิจศึกษา
ขอตรวจสอบข้อมูลที่ส่งให้หน่อยครับ,ข้อมูลนักศึกษาในการออกฝึกปฎิบัติสหกิจศึกษา
อยากทราบว่าข้อมูลฉันถูกต้องมั้ยขอดูหน่อย,ข้อมูลนักศึกษาในการออกฝึกปฎิบัติสหกิจศึกษา
อยากทราบว่าข้อมูของผมถูมั้ยครับ,ข้อมูลนักศึกษาในการออกฝึกปฎิบัติสหกิจศึกษา
อยากทราบว่าข้อมูลส่วนตัวของผมมีตรงไหนที่ผิดมั้ยครับ,ข้อมูลนักศึกษาในการออกฝึกปฎิบัติสหกิจศึกษา
อยากทราบข้อมูลส่วนตัวของฉันมีตรงไหนที่ผิดมั้ยคะ,ข้อมูลนักศึกษาในการออกฝึกปฎิบัติสหกิจศึกษา
ขอดูข้อมูลส่วนตัวหน่อยได้มั้ย,ข้อมูลนักศึกษาในการออกฝึกปฎิบัติสหกิจศึกษา
ขอดูข้อมูลของฉันหน่อยได้มั้ยคะ,ข้อมูลนักศึกษาในการออกฝึกปฎิบัติสหกิจศึกษา
ข้อมูลของฉันมีตรงไหนที่ผิมั้ย,ข้อมูลนักศึกษาในการออกฝึกปฎิบัติสหกิจศึกษา
ข้อมูลของผมมีตรงไหนที่ผิดมั้ย,ข้อมูลนักศึกษาในการออกฝึกปฎิบัติสหกิจศึกษา
ข้อมูลของผมเป็นยังไงบ้างที่ส่งไปถูกมั้ยครับขอดูหน่อย,ข้อมูลนักศึกษาในการออกฝึกปฎิบัติสหกิจศึกษา
ข้อมูลของฉันเป็นยังไงบ้างที่ส่งไปถูกไหมคะขอดูหน่อย,ข้อมูลนักศึกษาในการออกฝึกปฎิบัติสหกิจศึกษา
ขอดูข้อมูลหน่อยสิคะ,ข้อมูลนักศึกษาในการออกฝึกปฎิบัติสหกิจศึกษา
หนูขอดูข้อมูลส่วนตัวหน่อยได้มั้ยคะ,ข้อมูลนักศึกษาในการออกฝึกปฎิบัติสหกิจศึกษา
ขอดูข้อมูลส่วนตัวฉันหน่อย,ข้อมูลนักศึกษาในการออกฝึกปฎิบัติสหกิจศึกษา
ฉันขอดูข้อมูลที่ส่งไปหน่อย,ข้อมูลนักศึกษาในการออกฝึกปฎิบัติสหกิจศึกษา
ถูกตต้องมั้ยคะข้อมูลที่ส่งไปขดูหน่อย,ข้อมูลนักศึกษาในการออกฝึกปฎิบัติสหกิจศึกษา
อยากดูข้อมูลส่วนตัวของฉัน,ข้อมูลนักศึกษาในการออกฝึกปฎิบัติสหกิจศึกษา
อยากดูข้อมูลส่วนตัวของผม,ข้อมูลนักศึกษาในการออกฝึกปฎิบัติสหกิจศึกษา
อยากตรวจสอบข้อมูลส่วนตัวค่ะว่าจะถูกต้องมั้ย,ข้อมูลนักศึกษาในการออกฝึกปฎิบัติสหกิจศึกษา
อยากดูข้อมูลส่วนตัวครับว่าจะถูกต้องมั้ย,ข้อมูลนักศึกษาในการออกฝึกปฎิบัติสหกิจศึกษา
ข้อมูลที่ส่งให้ครบถ้วนมั้ยครับขอดูหน่อย,ข้อมูลนักศึกษาในการออกฝึกปฎิบัติสหกิจศึกษา
ข้อมูที่ส่งให้ครับถ้วนมั้ยคะขอดูหน่อย,ข้อมูลนักศึกษาในการออกฝึกปฎิบัติสหกิจศึกษา
หนูขอดูข้อมูลส่วนตัวหน่อยได้มั้ยคะ,ข้อมูลนักศึกษาในการออกฝึกปฎิบัติสหกิจศึกษา
อยากทราบว่าข้อมูลส่วนตัวถูกมั้ยขอตรวจสอบหน่อยค่ะ,ข้อมูลนักศึกษาในการออกฝึกปฎิบัติสหกิจศึกษา
อยากทราบว่าข้อมูส่วนตัวถูกต้องมั้ยขอดูหน่อยครับ,ข้อมูลนักศึกษาในการออกฝึกปฎิบัติสหกิจศึกษา
ข้อมูลของฉันมีตรงไหนที่ไม่ถูกต้องมั้ยคะขอดูหน่อย,ข้อมูลนักศึกษาในการออกฝึกปฎิบัติสหกิจศึกษา
ข้อมูลของผมมีตรงไหนที่ไม่ถูกต้องมั้ยครับขอดูหน่อย,ข้อมูลนักศึกษาในการออกฝึกปฎิบัติสหกิจศึกษา
ข้อมูลส่วนตัวของฉันมีตรงไหนที่ไม่ถูกต้องมั้ยขอดูหน่อย,ข้อมูลนักศึกษาในการออกฝึกปฎิบัติสหกิจศึกษา
ข้อมูลของผมมีตรงไหนที่ไม่ถูกต้องไหมขอดูหน่อย,ข้อมูลนักศึกษาในการออกฝึกปฎิบัติสหกิจศึกษา
ข้อมูลส่วนตัวของผมมีตรงไหนที่ไม่ถูกต้องไหมขอดูหน่อย,ข้อมูลนักศึกษาในการออกฝึกปฎิบัติสหกิจศึกษา
ข้อมูลส่วนตัวของฉัน ฉันส่งไปครบรึยังขอดูหน่อย,ข้อมูลนักศึกษาในการออกฝึกปฎิบัติสหกิจศึกษา
ข้อฒุลส่วนตัวของผม ผมส่งไปครบรึยังขอดูหน่อย,ข้อมูลนักศึกษาในการออกฝึกปฎิบัติสหกิจศึกษา
ฉันขอดูข้อมูลส่วนตัวขฮงฉันหน่อย อยากทราบว่าถูกต้องไหม,ข้อมูลนักศึกษาในการออกฝึกปฎิบัติสหกิจศึกษา
ดิฉันขอดูข้อมูลส่วนตัวหน่อย อยากทราบว่าถูกต้องมั้ย,ข้อมูลนักศึกษาในการออกฝึกปฎิบัติสหกิจศึกษา
ถูกต้องครบถ้วนดีใช่มั้ยครับข้อมูลของผมขอดูหน่อย,ข้อมูลนักศึกษาในการออกฝึกปฎิบัติสหกิจศึกษา
ส่งถึงรึยังครับเอกสารของผม,ข้อมูลสถานะเอกสารในการออกปฎิบัติสหกิจศึกษา
ส่งถึงสถานประกอบการรึยังเอกสารของผม,ข้อมูลสถานะเอกสารในการออกปฎิบัติสหกิจศึกษา
อยากรู้ว่าเอกสารที่ส่งไป ทางบริษัทได้รับและตรวจสอบรึยัง,ข้อมูลสถานะเอกสารในการออกปฎิบัติสหกิจศึกษา
เอกสารถึงยัง,ข้อมูลสถานะเอกสารในการออกปฎิบัติสหกิจศึกษา
เอกสารถึงไหนเเล้ว ,ข้อมูลสถานะเอกสารในการออกปฎิบัติสหกิจศึกษา
เอกสารถึงเเล้วหรือยัง,ข้อมูลสถานะเอกสารในการออกปฎิบัติสหกิจศึกษา
เอกสารมีคนตรวจดูยังครับ,ข้อมูลสถานะเอกสารในการออกปฎิบัติสหกิจศึกษา
เอกสารถึงบริษัทยังครับ,ข้อมูลสถานะเอกสารในการออกปฎิบัติสหกิจศึกษา
เอกสารถึงไหนแล้ว,ข้อมูลสถานะเอกสารในการออกปฎิบัติสหกิจศึกษา
สวัสดีครับ เอกสารที่ส่งไปบริษัทได้รับรึยังครับ,ข้อมูลสถานะเอกสารในการออกปฎิบัติสหกิจศึกษา
ทางสถานประกอบการได้รับเอกสารของผมยังครับ,ข้อมูลสถานะเอกสารในการออกปฎิบัติสหกิจศึกษา
ตรวจสอบสถานะ,ข้อมูลสถานะเอกสารในการออกปฎิบัติสหกิจศึกษา
เอกสารที่ส่งไป ถูกต้องครบถ้วนไหมค่ะ,ข้อมูลสถานะเอกสารในการออกปฎิบัติสหกิจศึกษา
เอกสารของฉันเป็นอย่างไรบ้าง,ข้อมูลสถานะเอกสารในการออกปฎิบัติสหกิจศึกษา
สถานประกอบการได้รับเอกสารของฉันหรือยัง,ข้อมูลสถานะเอกสารในการออกปฎิบัติสหกิจศึกษา
เอกสารของฉันมีความผิดพลาดหรือไม่,ข้อมูลสถานะเอกสารในการออกปฎิบัติสหกิจศึกษา
ขอตรวจสอบสถานะเอกสาร,ข้อมูลสถานะเอกสารในการออกปฎิบัติสหกิจศึกษา
ขอดูเอกสารทั้งหมดของฉัน,ข้อมูลสถานะเอกสารในการออกปฎิบัติสหกิจศึกษา
เอกสารที่ส่งไปได้รับหรือยังครับ,ข้อมูลสถานะเอกสารในการออกปฎิบัติสหกิจศึกษา
เอกสารส่งไปถึงหรือยังครับ,ข้อมูลสถานะเอกสารในการออกปฎิบัติสหกิจศึกษา
เอกสารเรียบร้อยไหมคะ,ข้อมูลสถานะเอกสารในการออกปฎิบัติสหกิจศึกษา
เอกสารของฉันอยู่ในสถานะไหน,ข้อมูลสถานะเอกสารในการออกปฎิบัติสหกิจศึกษา
เอกสารที่ส่งมาถึงยังครับ,ข้อมูลสถานะเอกสารในการออกปฎิบัติสหกิจศึกษา
เอกสารของฉันส่งไปถึงสถานประกอบการหรือยัง,ข้อมูลสถานะเอกสารในการออกปฎิบัติสหกิจศึกษา
ขอดูสถานะเอกสารของฉัน,ข้อมูลสถานะเอกสารในการออกปฎิบัติสหกิจศึกษา
อาจารย์น่าจะเป็นคนส่งให้มั้ง,ข้อมูลสถานะเอกสารในการออกปฎิบัติสหกิจศึกษา
เอกสารของผมส่งไปถึงสถานประกอบการหรือยังครับ,ข้อมูลสถานะเอกสารในการออกปฎิบัติสหกิจศึกษา
เห็นด้วยตามตัวอย่าง,ข้อมูลสถานะเอกสารในการออกปฎิบัติสหกิจศึกษา
สวัสดีค่ะ หนูชื่อ  เมล  เอกสารที่หนูส่งไปทางสถานประกอบการได้รับยังคะ,ข้อมูลสถานะเอกสารในการออกปฎิบัติสหกิจศึกษา
เอกสารฝึกงานส่งไปถึงสถานประกอบการครบหรือไม่,ข้อมูลสถานะเอกสารในการออกปฎิบัติสหกิจศึกษา
เอกสารผมเป็นไงบ้างครับ,ข้อมูลสถานะเอกสารในการออกปฎิบัติสหกิจศึกษา
ถึงไหนแล้วครับเอกสารของผม,ข้อมูลสถานะเอกสารในการออกปฎิบัติสหกิจศึกษา
ครบถ้วนสมบูรณ์ดีไหมครับเอกสารของผม,ข้อมูลสถานะเอกสารในการออกปฎิบัติสหกิจศึกษา
มีอะไรที่เอกสารขาดหายมั้ยครับ,ข้อมูลสถานะเอกสารในการออกปฎิบัติสหกิจศึกษา
ส่งถึงรึยังครับเอกสารของผม,ข้อมูลสถานะเอกสารในการออกปฎิบัติสหกิจศึกษา
ส่งถึงสถานประกอบการรึยังเอกสารของผม,ข้อมูลสถานะเอกสารในการออกปฎิบัติสหกิจศึกษา
ผมต้องส่งเอกสารไปเพิ่มอีกมั้ยครับ,ข้อมูลสถานะเอกสารในการออกปฎิบัติสหกิจศึกษา
เอกสาร ของดิฉันครบถ้วนดีมั้ยคะ,ข้อมูลสถานะเอกสารในการออกปฎิบัติสหกิจศึกษา
สมบูรณ์ดีมั้ยคะเอกสารของดิฉัน,ข้อมูลสถานะเอกสารในการออกปฎิบัติสหกิจศึกษา
ถึงสถานประกอบการรึยังเอกสารของผม,ข้อมูลสถานะเอกสารในการออกปฎิบัติสหกิจศึกษา
ผมอยากทราบว่าเอกสารของผมถึงไหนแล้วครับ,ข้อมูลสถานะเอกสารในการออกปฎิบัติสหกิจศึกษา
เอกสารที่ฉันส่งไปมันสมบูรณ์ดีมั้ยคะหรือต้องส่งอไรไปเพิ่มรึป่าว,ข้อมูลสถานะเอกสารในการออกปฎิบัติสหกิจศึกษา
ฉันต้องส่งเอกสารอะไรไปเพิ่มอีกมั้ยคะ,ข้อมูลสถานะเอกสารในการออกปฎิบัติสหกิจศึกษา
เอกสารที่ส่งไปถึงไหนแล้วครับ,ข้อมูลสถานะเอกสารในการออกปฎิบัติสหกิจศึกษา
เอกสารของดิฉันครบถ้วนดีมั้ยคะ,ข้อมูลสถานะเอกสารในการออกปฎิบัติสหกิจศึกษา
เอกสารที่ฉันส่งไปถึงสถานประกอบการรึยังคะ,ข้อมูลสถานะเอกสารในการออกปฎิบัติสหกิจศึกษา
เอกสารของกระผมถึงไหนแล้วครับ,ข้อมูลสถานะเอกสารในการออกปฎิบัติสหกิจศึกษา
ฉันอยากทราบว่าเอกสารของฉันครบถ้วนมั้ยคะ,ข้อมูลสถานะเอกสารในการออกปฎิบัติสหกิจศึกษา
เอกสารที่ผมส่งไปมันได้แก้ไขตรงไหนบ้างไหมครับ,ข้อมูลสถานะเอกสารในการออกปฎิบัติสหกิจศึกษา
อยากทราบว่าเอกสารของดิฉันถึงไหนแล้วคะ,ข้อมูลสถานะเอกสารในการออกปฎิบัติสหกิจศึกษา
เอกสารที่ส่งไปจะต้องได้แก้ไขอะไรมั้ยคะ,ข้อมูลสถานะเอกสารในการออกปฎิบัติสหกิจศึกษา
มีอะไรที่ตต้องแก้มั้ยครับเอกสารของผม,ข้อมูลสถานะเอกสารในการออกปฎิบัติสหกิจศึกษา
ผมอยากทราบว่าเอกสารของผมตอนนี้ถึงไหนแล้วครับ,ข้อมูลสถานะเอกสารในการออกปฎิบัติสหกิจศึกษา
ถึงยังครับเอกสารของกระผม,ข้อมูลสถานะเอกสารในการออกปฎิบัติสหกิจศึกษา
ถึงยังฮะเอสารของผม,ข้อมูลสถานะเอกสารในการออกปฎิบัติสหกิจศึกษา
กระอยากรู้ว่าเอสารที่ส่งไปคบมั้ยครับ,ข้อมูลสถานะเอกสารในการออกปฎิบัติสหกิจศึกษา
อยู่สถานะไหนแล้วครับเอกสารที่ผมส่งไป,ข้อมูลสถานะเอกสารในการออกปฎิบัติสหกิจศึกษา
ถึงไหนแล้วคะเอกสาร ที่ฉันส่งไป,ข้อมูลสถานะเอกสารในการออกปฎิบัติสหกิจศึกษา
อยากทราบค่ะว่าเอกสารที่ดิฉันส่งไปครบถ้วนมั้ย,ข้อมูลสถานะเอกสารในการออกปฎิบัติสหกิจศึกษา
เป็นยังไงบ้างคะเอกสารทที่หนูส่งไปต้องแก้ตรงไหนมั้ยคะ,ข้อมูลสถานะเอกสารในการออกปฎิบัติสหกิจศึกษา
ขอทราบสถานะเอกสารที่ส่งไปหน่อยครับว่าถึงไหนแล้ว,ข้อมูลสถานะเอกสารในการออกปฎิบัติสหกิจศึกษา
ขอทราบสถานะเอกสารที่ส่งไปหน่อยค่ะว่าถึงไหนแล้ว,ข้อมูลสถานะเอกสารในการออกปฎิบัติสหกิจศึกษา
อยากทราบว่าสถานะเอกสารของผมตอนนี้ถึงสถานประกอบการรึยังครับ,ข้อมูลสถานะเอกสารในการออกปฎิบัติสหกิจศึกษา
เป็นไงบ้างคะเอกสารที่ฉันส่งไปถูกต้องมั้ย,ข้อมูลสถานะเอกสารในการออกปฎิบัติสหกิจศึกษา
ข้อมูลเป็นไงบ้างคะส่งถึงไหนแล้ว,ข้อมูลสถานะเอกสารในการออกปฎิบัติสหกิจศึกษา
เอกสารถูกต้องมั้ยคะ,ข้อมูลสถานะเอกสารในการออกปฎิบัติสหกิจศึกษา
อยากทราบว่าเอกสารถูกต้องมั้ยต้องแก้ไขอะไรรึเปล่า,ข้อมูลสถานะเอกสารในการออกปฎิบัติสหกิจศึกษา
ข้อมูลที่ส่งไปสมบูณ์แบบมั้ยครับ,ข้อมูลสถานะเอกสารในการออกปฎิบัติสหกิจศึกษา
ดิฉันอยากจะทราบว่าสถานะเอกสารเป็นยังไง ส่งถึงไหนแล้ว,ข้อมูลสถานะเอกสารในการออกปฎิบัติสหกิจศึกษา
ดิฉันขอทราบสถานะเอสารที่ส่งไปหน่อยค่ะ,ข้อมูลสถานะเอกสารในการออกปฎิบัติสหกิจศึกษา
กระผมขอทราบสถานะที่ส่งไปหน่อยครับ,ข้อมูลสถานะเอกสารในการออกปฎิบัติสหกิจศึกษา
สถานะเอกสารที่ส่งไปเป็นยังไงบ้างถูกต้องดีมั้ย,ข้อมูลสถานะเอกสารในการออกปฎิบัติสหกิจศึกษา
เอกสารที่ส่งไปต้องส่งอะไรไปเพิ่มอีกมั้ยคะ,ข้อมูลสถานะเอกสารในการออกปฎิบัติสหกิจศึกษา
สถานะเอกสารของดิฉันตอนนี้ถึงไหนแล้วคะอยากทราบ,ข้อมูลสถานะเอกสารในการออกปฎิบัติสหกิจศึกษา
เป็นไงบ้างครับเอกสารของผม,ข้อมูลสถานะเอกสารในการออกปฎิบัติสหกิจศึกษา
ถูกต้องรึเปล่าคะเอกสารที่ส่งไป,ข้อมูลสถานะเอกสารในการออกปฎิบัติสหกิจศึกษา
ต้องเพิ่มเอกสารอะไรอีกมั้ยคะแล้วส่งไปถึงไหนแล้ว,ข้อมูลสถานะเอกสารในการออกปฎิบัติสหกิจศึกษา
ดิฉันอยากจะทราบถึงสถานะเอกสารที่ส่งไปค่ะ,ข้อมูลสถานะเอกสารในการออกปฎิบัติสหกิจศึกษา
ผมขอทราบถึงสถานะเอกสารที่ส่งไปหน่อยค่ะ,ข้อมูลสถานะเอกสารในการออกปฎิบัติสหกิจศึกษา
ขอทราบถึงสถานะเอกสารที่ส่งไปหน่อยค่ะว่าถึงไหนแล้ว,ข้อมูลสถานะเอกสารในการออกปฎิบัติสหกิจศึกษา
มีอะไรที่ต้องแก้มั้ยค่ะเอกสารที่ส่งไป,ข้อมูลสถานะเอกสารในการออกปฎิบัติสหกิจศึกษา
เอกสารมีอะไรที่ต้องส่งไปเพิ่มอีกมั้ยครับ,ข้อมูลสถานะเอกสารในการออกปฎิบัติสหกิจศึกษา
มีเอกสาร ตัวไหนที่ตต้องส่งไปเพิ่มมั้ยคะ,ข้อมูลสถานะเอกสารในการออกปฎิบัติสหกิจศึกษา
ขอทราบถึงสถานะเอสาร ที่ส่งไปหน่อยฮะว่าถึงไหนแล้ว,ข้อมูลสถานะเอกสารในการออกปฎิบัติสหกิจศึกษา
ขอทราบหน่อยค่ะว่าถึงไหนแล้วเอกสารที่ฉันส่งไป,ข้อมูลสถานะเอกสารในการออกปฎิบัติสหกิจศึกษา
ขอทราบหน่อยครับว่าถึงไหนแล้วเอกสาร ที่ส่งไป,ข้อมูลสถานะเอกสารในการออกปฎิบัติสหกิจศึกษา
เอกสารของฉันเป็นอย่างไรบ้าง,ข้อมูลสถานะเอกสารในการออกปฎิบัติสหกิจศึกษา
สถานประกอบการได้รับเอกสารของฉันหรือยัง,ข้อมูลสถานะเอกสารในการออกปฎิบัติสหกิจศึกษา
เอกสารของฉันมีความผิดพลาดหรือไม่,ข้อมูลสถานะเอกสารในการออกปฎิบัติสหกิจศึกษา
ขอตรวจสอบสถานะเอกสาร,ข้อมูลสถานะเอกสารในการออกปฎิบัติสหกิจศึกษา
ขอดูเอกสารทั้งหมดของฉัน,ข้อมูลสถานะเอกสารในการออกปฎิบัติสหกิจศึกษา
เอกสารถึงไหนเเล้ว ,ข้อมูลสถานะเอกสารในการออกปฎิบัติสหกิจศึกษา
เอกสารถึงเเล้วหรือยัง,ข้อมูลสถานะเอกสารในการออกปฎิบัติสหกิจศึกษา
เอกสารมีคนตรวจดูยังครับ,ข้อมูลสถานะเอกสารในการออกปฎิบัติสหกิจศึกษา
เอกสารถึงบริษัทยังครับ,ข้อมูลสถานะเอกสารในการออกปฎิบัติสหกิจศึกษา
เอกสารถึงไหนแล้ว,ข้อมูลสถานะเอกสารในการออกปฎิบัติสหกิจศึกษา
สวัสดีครับ เอกสารที่ส่งไปบริษัทได้รับรึยังครับ,ข้อมูลสถานะเอกสารในการออกปฎิบัติสหกิจศึกษา
ทางสถานประกอบการได้รับเอกสารของผมยังครับ,ข้อมูลสถานะเอกสารในการออกปฎิบัติสหกิจศึกษา
ตรวจสอบสถานะ,ข้อมูลสถานะเอกสารในการออกปฎิบัติสหกิจศึกษา
เอกสารที่ส่งไป ถูกต้องครบถ้วนไหมค่ะ,ข้อมูลสถานะเอกสารในการออกปฎิบัติสหกิจศึกษา
เอกสารของฉันเป็นอย่างไรบ้าง,ข้อมูลสถานะเอกสารในการออกปฎิบัติสหกิจศึกษา
สถานประกอบการได้รับเอกสารของฉันหรือยัง,ข้อมูลสถานะเอกสารในการออกปฎิบัติสหกิจศึกษา
เอกสารของฉันมีความผิดพลาดหรือไม่,ข้อมูลสถานะเอกสารในการออกปฎิบัติสหกิจศึกษา
ขอตรวจสอบสถานะเอกสาร,ข้อมูลสถานะเอกสารในการออกปฎิบัติสหกิจศึกษา
ขอดูเอกสารทั้งหมดของฉัน,ข้อมูลสถานะเอกสารในการออกปฎิบัติสหกิจศึกษา
เอกสารที่ส่งไปได้รับหรือยังครับ,ข้อมูลสถานะเอกสารในการออกปฎิบัติสหกิจศึกษา
เอกสารส่งไปถึงหรือยังครับ,ข้อมูลสถานะเอกสารในการออกปฎิบัติสหกิจศึกษา
เอกสารเรียบร้อยไหมคะ,ข้อมูลสถานะเอกสารในการออกปฎิบัติสหกิจศึกษา
เอกสารของฉันอยู่ในสถานะไหน,ข้อมูลสถานะเอกสารในการออกปฎิบัติสหกิจศึกษา
เอกสารที่ส่งมาถึงยังครับ,ข้อมูลสถานะเอกสารในการออกปฎิบัติสหกิจศึกษา
เอกสารของฉันส่งไปถึงสถานประกอบการหรือยัง,ข้อมูลสถานะเอกสารในการออกปฎิบัติสหกิจศึกษา
ขอดูสถานะเอกสารของฉัน,ข้อมูลสถานะเอกสารในการออกปฎิบัติสหกิจศึกษา
อาจารย์น่าจะเป็นคนส่งให้มั้ง,ข้อมูลสถานะเอกสารในการออกปฎิบัติสหกิจศึกษา
เอกสารของผมส่งไปถึงสถานประกอบการหรือยังครับ,ข้อมูลสถานะเอกสารในการออกปฎิบัติสหกิจศึกษา
เห็นด้วยตามตัวอย่าง,ข้อมูลสถานะเอกสารในการออกปฎิบัติสหกิจศึกษา
สวัสดีค่ะ หนูชื่อ....... เมล...... เอกสารที่หนูส่งไปทางสถานประกอบการได้รับยังคะ,ข้อมูลสถานะเอกสารในการออกปฎิบัติสหกิจศึกษา
เอกสารฝึกงานส่งไปถึงสถานประกอบการครบหรือไม่,ข้อมูลสถานะเอกสารในการออกปฎิบัติสหกิจศึกษา
เอกสารผมเป็นไงบ้างครับ,ข้อมูลสถานะเอกสารในการออกปฎิบัติสหกิจศึกษา
ถึงไหนแล้วครับเอกสารของผม,ข้อมูลสถานะเอกสารในการออกปฎิบัติสหกิจศึกษา
ครบถ้วนสมบูรณ์ดีไหมครับเอกสารของผม,ข้อมูลสถานะเอกสารในการออกปฎิบัติสหกิจศึกษา
มีอะไรที่เอกสารขาดหายมั้ยครับ,ข้อมูลสถานะเอกสารในการออกปฎิบัติสหกิจศึกษา
ส่งถึงรึยังครับเอกสารของผม,ข้อมูลสถานะเอกสารในการออกปฎิบัติสหกิจศึกษา
ส่งถึงสถานประกอบการรึยังเอกสารของผม,ข้อมูลสถานะเอกสารในการออกปฎิบัติสหกิจศึกษา
ผมต้องส่งเอกสารไปเพิ่มอีกมั้ยครับ,ข้อมูลสถานะเอกสารในการออกปฎิบัติสหกิจศึกษา
เอกสาร ของดิฉันครบถ้วนดีมั้ยคะ,ข้อมูลสถานะเอกสารในการออกปฎิบัติสหกิจศึกษา
สมบูรณ์ดีมั้ยคะเอกสารของดิฉัน,ข้อมูลสถานะเอกสารในการออกปฎิบัติสหกิจศึกษา
ถึงสถานประกอบการรึยังเอกสารของผม,ข้อมูลสถานะเอกสารในการออกปฎิบัติสหกิจศึกษา
ผมอยากทราบว่าเอกสารของผมถึงไหนแล้วครับ,ข้อมูลสถานะเอกสารในการออกปฎิบัติสหกิจศึกษา
เอกสารที่ฉันส่งไปมันสมบูรณ์ดีมั้ยคะหรือต้องส่งอไรไปเพิ่มรึป่าว,ข้อมูลสถานะเอกสารในการออกปฎิบัติสหกิจศึกษา
ฉันต้องส่งเอกสารอะไรไปเพิ่มอีกมั้ยคะ,ข้อมูลสถานะเอกสารในการออกปฎิบัติสหกิจศึกษา
เอกสารที่ส่งไปถึงไหนแล้วครับ,ข้อมูลสถานะเอกสารในการออกปฎิบัติสหกิจศึกษา
เอกสารของดิฉันครบถ้วนดีมั้ยคะ,ข้อมูลสถานะเอกสารในการออกปฎิบัติสหกิจศึกษา
เอกสารที่ฉันส่งไปถึงสถานประกอบการรึยังคะ,ข้อมูลสถานะเอกสารในการออกปฎิบัติสหกิจศึกษา
เอกสารของกระผมถึงไหนแล้วครับ,ข้อมูลสถานะเอกสารในการออกปฎิบัติสหกิจศึกษา
ฉันอยากทราบว่าเอกสารของฉันครบถ้วนมั้ยคะ,ข้อมูลสถานะเอกสารในการออกปฎิบัติสหกิจศึกษา
เอกสารที่ผมส่งไปมันได้แก้ไขตรงไหนบ้างไหมครับ,ข้อมูลสถานะเอกสารในการออกปฎิบัติสหกิจศึกษา
อยากทราบว่าเอกสารของดิฉันถึงไหนแล้วคะ,ข้อมูลสถานะเอกสารในการออกปฎิบัติสหกิจศึกษา
เอกสารที่ส่งไปจะต้องได้แก้ไขอะไรมั้ยคะ,ข้อมูลสถานะเอกสารในการออกปฎิบัติสหกิจศึกษา
มีอะไรที่ตต้องแก้มั้ยครับเอกสารของผม,ข้อมูลสถานะเอกสารในการออกปฎิบัติสหกิจศึกษา
ผมอยากทราบว่าเอกสารของผมตอนนี้ถึงไหนแล้วครับ,ข้อมูลสถานะเอกสารในการออกปฎิบัติสหกิจศึกษา
ถึงยังครับเอกสารของกระผม,ข้อมูลสถานะเอกสารในการออกปฎิบัติสหกิจศึกษา
ถึงยังฮะเอสารของผม,ข้อมูลสถานะเอกสารในการออกปฎิบัติสหกิจศึกษา
กระอยากรู้ว่าเอสารที่ส่งไปคบมั้ยครับ,ข้อมูลสถานะเอกสารในการออกปฎิบัติสหกิจศึกษา
อยู่สถานะไหนแล้วครับเอกสารที่ผมส่งไป,ข้อมูลสถานะเอกสารในการออกปฎิบัติสหกิจศึกษา
เห็นด้วยตามตัวอย่าง,ข้อมูลสถานะเอกสารในการออกปฎิบัติสหกิจศึกษา
สวัสดีค่ะ หนูชื่อ....... เมล...... เอกสารที่หนูส่งไปทางสถานประกอบการได้รับยังคะ,ข้อมูลสถานะเอกสารในการออกปฎิบัติสหกิจศึกษา
เอกสารฝึกงานส่งไปถึงสถานประกอบการครบหรือไม่,ข้อมูลสถานะเอกสารในการออกปฎิบัติสหกิจศึกษา
เอกสารผมเป็นไงบ้างครับ,ข้อมูลสถานะเอกสารในการออกปฎิบัติสหกิจศึกษา
ถึงไหนแล้วครับเอกสารของผม,ข้อมูลสถานะเอกสารในการออกปฎิบัติสหกิจศึกษา
ครบถ้วนสมบูรณ์ดีไหมครับเอกสารของผม,ข้อมูลสถานะเอกสารในการออกปฎิบัติสหกิจศึกษา
มีอะไรที่เอกสารขาดหายมั้ยครับ,ข้อมูลสถานะเอกสารในการออกปฎิบัติสหกิจศึกษา
เดือนที่แล้วผมลาไปกี่ครั้งครับ,ข้อมูลการลาในการออกปฎิบัติสหกิจศึกษา
อยากทราบว่าในการฝีกสหกิจครั้งนีนน้สามารถลาได้มากสุดกี่ครั้งคะ,ข้อมูลการลาในการออกปฎิบัติสหกิจศึกษา
ออกฝึกสหกิจลาได้มากสุดกี่ครั้งคะ,ข้อมูลการลาในการออกปฎิบัติสหกิจศึกษา
ลาแล้วได้เงินเดือนมั้ยครับ,ข้อมูลการลาในการออกปฎิบัติสหกิจศึกษา
ในช่วงที่ฝึกงานสามารถลาได้รึเปล่า และสูงสุดกี่วันครับ,ข้อมูลการลาในการออกปฎิบัติสหกิจศึกษา
1เดือนลาได้กี่ครั้งครับ,ข้อมูลการลาในการออกปฎิบัติสหกิจศึกษา
ลาแล้วได้เงินเดือนมั้ยครับ,ข้อมูลการลาในการออกปฎิบัติสหกิจศึกษา
ลาได้กี่วันทั้ง 4 เดือนครับ,ข้อมูลการลาในการออกปฎิบัติสหกิจศึกษา
ลาต้องส่งเอกสารมั้ยครับ,ข้อมูลการลาในการออกปฎิบัติสหกิจศึกษา
ลากิจได้กี่ครั้งครับ,ข้อมูลการลาในการออกปฎิบัติสหกิจศึกษา
ฉันจะลาได้อีกมั้ย,ข้อมูลการลาในการออกปฎิบัติสหกิจศึกษา
ขออนุญาตสอบถามเรื่องรายละเอียดวันลาหน่อยครับ สามารถลาได้กี่วัน,ข้อมูลการลาในการออกปฎิบัติสหกิจศึกษา
ผมสามารถลางานได้กี่วัน,ข้อมูลการลาในการออกปฎิบัติสหกิจศึกษา
สวัสดิการณ์,ข้อมูลการลาในการออกปฎิบัติสหกิจศึกษา
ฉันสามารถลาได้ที่ช่องทางไหนบ้าง,ข้อมูลการลาในการออกปฎิบัติสหกิจศึกษา
ฉันสามารถลาได้กี่ครั้งต่อเดือน,ข้อมูลการลาในการออกปฎิบัติสหกิจศึกษา
ต้องการทราบข้อมูลการลาของบริษัท,ข้อมูลการลาในการออกปฎิบัติสหกิจศึกษา
ฉันสามารถลาได้ในกรณีไหนบ้าง,ข้อมูลการลาในการออกปฎิบัติสหกิจศึกษา
สามารถลาได้นานกี่วัน,ข้อมูลการลาในการออกปฎิบัติสหกิจศึกษา
ลาพักร้อนได้กี่วัน,ข้อมูลการลาในการออกปฎิบัติสหกิจศึกษา
หนึ่งเดือนลาได้กี่วันครับ,ข้อมูลการลาในการออกปฎิบัติสหกิจศึกษา
"ลาได้ไหม,เดือนนี้ลาได้กี่วัน",ข้อมูลการลาในการออกปฎิบัติสหกิจศึกษา
หนูขาดได้กี่ครั้ง,ข้อมูลการลาในการออกปฎิบัติสหกิจศึกษา
ฉันขอทราบรายละเอียดกฎระเบียบของสถานประกอบการหน่อย,ข้อมูลการลาในการออกปฎิบัติสหกิจศึกษา
ผมลาได้ทั้งหมดกี่ครั้งครับ,ข้อมูลการลาในการออกปฎิบัติสหกิจศึกษา
ฉันสามารถลาได้กี่ครั้งต่อเดือน,ข้อมูลการลาในการออกปฎิบัติสหกิจศึกษา
ฉันลาได้กี่ครั้งต่อเดือน,ข้อมูลการลาในการออกปฎิบัติสหกิจศึกษา
ถ้าป่วย ก็ให้พิมเป็นใบลา ใน คู่มือฝึกงานน่าจะมีตัวอย่างใบลาอยู่ครับ อย่าลา เล่นถ้าไม่จำเป็นครับ มีผล ต่อคะเเนน นะ,ข้อมูลการลาในการออกปฎิบัติสหกิจศึกษา
ผมสามารถลาได้กี่ครั้งต่อเดือนครับ,ข้อมูลการลาในการออกปฎิบัติสหกิจศึกษา
เห็นด้วยกับตัวอย่าง,ข้อมูลการลาในการออกปฎิบัติสหกิจศึกษา
หนูขอดูกฎการลาของสถานประกอบการหน่อยค่ะ,ข้อมูลการลาในการออกปฎิบัติสหกิจศึกษา
ในระหว่างฝึกงานสามารถลาได้ไหม แล้วสามารถลาได้กี่ครั้งในช่วงระยะเวลาฝึกงาน,ข้อมูลการลาในการออกปฎิบัติสหกิจศึกษา
ผมอยากทราบว่าภายในการออกฝึกสหกิจสามรถลาได้ทั้งหมดกี่ครั้ง,ข้อมูลการลาในการออกปฎิบัติสหกิจศึกษา
ขอดูวันที่ฉันลาไปแล้วทั้งหมดทุกวันหน่อยค่ะ,ข้อมูลการลาในการออกปฎิบัติสหกิจศึกษา
อยากทราบว่าฉันจะสามาถลาได้บ่อยสุดกี่ครั้ง,ข้อมูลการลาในการออกปฎิบัติสหกิจศึกษา
ขอดูวันที่ลาทั้งหมดหน่อยฮะ,ข้อมูลการลาในการออกปฎิบัติสหกิจศึกษา
หนูลาไปทั้งหมดกี่ครั้งแล้วคะ,ข้อมูลการลาในการออกปฎิบัติสหกิจศึกษา
ขอดูลายละเอียดการลาของเดือนนี้หน่อยค่ะ,ข้อมูลการลาในการออกปฎิบัติสหกิจศึกษา
ขอดูลายละเอียดการลาของผมเดือนนี้หน่อยได้มั้ครับ,ข้อมูลการลาในการออกปฎิบัติสหกิจศึกษา
เดือนที่แล้วฉันลาไปแล้วกี่ครั้งและเดือนนี้ฉันสามารถลาได้อีกกี่ครั้ง,ข้อมูลการลาในการออกปฎิบัติสหกิจศึกษา
ขอดูวันที่ฉันลาไปทั้งหมดหน่อยค่ะ,ข้อมูลการลาในการออกปฎิบัติสหกิจศึกษา
อยากทราบว่าผมลาไปแล้วกี่ครั้งและจะลาอีกได้มั้ยครับ,ข้อมูลการลาในการออกปฎิบัติสหกิจศึกษา
เดือนนี้ฉันสามารถลาได้กี่ครั้ง,ข้อมูลการลาในการออกปฎิบัติสหกิจศึกษา
เดือนนี้ผมสามารถลาได้กี่ครั้งหรอครับ,ข้อมูลการลาในการออกปฎิบัติสหกิจศึกษา
ผมลากินใน1เดือนได้กี่ครั้งครับ,ข้อมูลการลาในการออกปฎิบัติสหกิจศึกษา
ฉันลากิจใน1เดือนได้กี่ครั้คะ,ข้อมูลการลาในการออกปฎิบัติสหกิจศึกษา
ฉันลาได้กี่ครั้งหรอคะในแต่ล่ะเดือน,ข้อมูลการลาในการออกปฎิบัติสหกิจศึกษา
ฉันอยากทราบว่าภายในการออกฝึกสหกิจสามารถลาได้ทั้งหมดกี่ครั้ง,ข้อมูลการลาในการออกปฎิบัติสหกิจศึกษา
ฉันลากิจได้กี่ครั้งหรอคะ,ข้อมูลการลาในการออกปฎิบัติสหกิจศึกษา
ใน4เดือนลากิจดีกี่ครั้งหรอคะ,ข้อมูลการลาในการออกปฎิบัติสหกิจศึกษา
ขอทราบลายละเอียดการลาของฉันหน่อย,ข้อมูลการลาในการออกปฎิบัติสหกิจศึกษา
เดือนที่แล้วฉันลาไปแล้วกี่ครั้ง,ข้อมูลการลาในการออกปฎิบัติสหกิจศึกษา
เดือนที่แล้วผมลาไปแล้วกี่ครั้งหรอครับ,ข้อมูลการลาในการออกปฎิบัติสหกิจศึกษา
ขอทราบหน่อยครับว่าเดือนที่แล้วผมลาไปทั้งหมดกี่ครั้ง,ข้อมูลการลาในการออกปฎิบัติสหกิจศึกษา
ดิฉันข้อทราบข้อมูลการลาหน่อยค่ะ,ข้อมูลการลาในการออกปฎิบัติสหกิจศึกษา
ฉันลาไปวันไหนบ้างขอดูลายละเอียดหน่อย,ข้อมูลการลาในการออกปฎิบัติสหกิจศึกษา
อยากทราบว่าฉันลาไปแล้วกี่ครั้งวันไหนบ้าง,ข้อมูลการลาในการออกปฎิบัติสหกิจศึกษา
4เดือนนี่ลาได้ทั้งหมดกี่ครั้งหรอคะ,ข้อมูลการลาในการออกปฎิบัติสหกิจศึกษา
ขอดูลายละเอียดการลาของดิฉันหน่อยค่ะ,ข้อมูลการลาในการออกปฎิบัติสหกิจศึกษา
วันที่ฉันลามีวันไหนบ้างและลาได้อีกกี่ครั้ง,ข้อมูลการลาในการออกปฎิบัติสหกิจศึกษา
ผมลาไปแล้วกี่ครั้งหรอครับขอดูลายละเอียดหน่อย,ข้อมูลการลาในการออกปฎิบัติสหกิจศึกษา
ฉันลาได้มากที่สุดกี่ครั้งหรอคะ,ข้อมูลการลาในการออกปฎิบัติสหกิจศึกษา
ผมขอลาได้มากที่สุดกี่ครั้งหรอครับ,ข้อมูลการลาในการออกปฎิบัติสหกิจศึกษา
ฉันลาได้กี่ครั้งต่อเดือนคะ,ข้อมูลการลาในการออกปฎิบัติสหกิจศึกษา
ผมลาได้กี่ครั้งต่อเดือนคะ,ข้อมูลการลาในการออกปฎิบัติสหกิจศึกษา
ฉันลาวันไหนบ้างครั้งขอดูวันที่ฉันลาหน่อยว่าลาวันไหนบ้าง,ข้อมูลการลาในการออกปฎิบัติสหกิจศึกษา
ฉันขอดูวันที่ฉันขอลาหน่อยได้ไหมคะ,ข้อมูลการลาในการออกปฎิบัติสหกิจศึกษา
ผมขอดูวันที่ผมลาไปแล้วได้ไหมครับอยากทราบว่าวันไหนบ้าง,ข้อมูลการลาในการออกปฎิบัติสหกิจศึกษา
สอบถามหน่อยค่ะตั้งแต่ฝึกงงานมาฉันลาไปทั้งหมดกี่ครั้งแล้ว,ข้อมูลการลาในการออกปฎิบัติสหกิจศึกษา
ดิฉันลาไปแล้วกี่ครั้งหรอคะ,ข้อมูลการลาในการออกปฎิบัติสหกิจศึกษา
ขอดูวันที่ผมลาหน่อยครับ อยากทราบว่าวันไหนบ้าง,ข้อมูลการลาในการออกปฎิบัติสหกิจศึกษา
ขอดูวันที่ฉันลาหน่อยค่ะอยากทราบว่าวันไหนบ้าง,ข้อมูลการลาในการออกปฎิบัติสหกิจศึกษา
วันที่ดิฉันลลา วันไหนบ้างคะ,ข้อมูลการลาในการออกปฎิบัติสหกิจศึกษา
ตั้งแต่ฝึกสหกิจมาฉันลาไปแล้วกี่ครั้ง,ข้อมูลการลาในการออกปฎิบัติสหกิจศึกษา
ขอสอบถามหน่อยค่ะ อยากทราบว่าการฝึกสหกิจครั้งนี้สามารถลาได้กี่ครั้ง,ข้อมูลการลาในการออกปฎิบัติสหกิจศึกษา
สอบถามหน่อยครั้งออกฝึกสหกิจครั้งนี้สามารถลาได้กี่ครั้งหรอครับ,ข้อมูลการลาในการออกปฎิบัติสหกิจศึกษา
ฉันลาไปกี่ครั้งแล้ว แล้วฉันสามารถลาได้อีกมั้ยคะในเดือนนี้,ข้อมูลการลาในการออกปฎิบัติสหกิจศึกษา
ฉันลาไปกี่ครั้งแล้วคะ,ข้อมูลการลาในการออกปฎิบัติสหกิจศึกษา
ผมลาไปกี่ครั้งแล้วครับ,ข้อมูลการลาในการออกปฎิบัติสหกิจศึกษา
ดิฉันลาไปกี่ครั้งแล้วคะ,ข้อมูลการลาในการออกปฎิบัติสหกิจศึกษา
เดือนที่แล้วฉันลาไปกี่ครั้งคะ,ข้อมูลการลาในการออกปฎิบัติสหกิจศึกษา
เดือนที่แล้วผมลาไปกี่ครั้งครับ,ข้อมูลการลาในการออกปฎิบัติสหกิจศึกษา
อยากทราบว่าในการฝีกสหกิจครั้งนีนน้สามารถลาได้มากสุดกี่ครั้งคะ,ข้อมูลการลาในการออกปฎิบัติสหกิจศึกษา
ออกฝึกสหกิจลาได้มากสุดกี่ครั้งคะ,ข้อมูลการลาในการออกปฎิบัติสหกิจศึกษา
ฉันลาไปแล้วกี่ครั้งแล้วเดือนนี้,ข้อมูลการลาในการออกปฎิบัติสหกิจศึกษา
ผมลาไปกี่ครั้งแล้วครับเดือนนี้,ข้อมูลการลาในการออกปฎิบัติสหกิจศึกษา
ในการฝึกสหกิจดิฉันลาได้มากสุดกี่ครั้ง,ข้อมูลการลาในการออกปฎิบัติสหกิจศึกษา
ขอสอบถามหน่อยค่ะอยากทราบว่าเดือนนี้ฉันลาไปกี่ครั้งแล้ว,ข้อมูลการลาในการออกปฎิบัติสหกิจศึกษา
ขอสอบถามหน่อยครับ อยากทราบว่าเดือนนี้ผมลาไปกี่ครั้งแล้ว,ข้อมูลการลาในการออกปฎิบัติสหกิจศึกษา
ในการฝึกสหกิจในสามารถลาได้กี่ครั้ง,ข้อมูลการลาในการออกปฎิบัติสหกิจศึกษา
ใน1เดือนผมลาได้กี่ครั้งครับ,ข้อมูลการลาในการออกปฎิบัติสหกิจศึกษา
ใน1เดือนฉันลาได้กี่ครั้งคะ,ข้อมูลการลาในการออกปฎิบัติสหกิจศึกษา
ดิฉันลาไปกี่ครั้งแล้วคะเดือนนี้,ข้อมูลการลาในการออกปฎิบัติสหกิจศึกษา
ผมลาไปกี่ครั้งแล้วหรอครับ,ข้อมูลการลาในการออกปฎิบัติสหกิจศึกษา
ผมลาไปกี่ครั้งแล้ว แล้วสามารถลาได้อีกมั้ยในเดือนนี้,ข้อมูลการลาในการออกปฎิบัติสหกิจศึกษา
ในการฝึกสหกิจฉันสามารถลาได้กี่ครั้ง,ข้อมูลการลาในการออกปฎิบัติสหกิจศึกษา
ในการฝึกสหกิจฉันลาได้มากสุดกี่ครั้ง,ข้อมูลการลาในการออกปฎิบัติสหกิจศึกษา
ในการฝึกสหกิจผมสามารถลาได้กี่ครั้ง,ข้อมูลการลาในการออกปฎิบัติสหกิจศึกษา
ฉันสามารถลาได้กี่ครั้งต่อเดือน,ข้อมูลการลาในการออกปฎิบัติสหกิจศึกษา
ต้องการทราบข้อมูลการลาของบริษัท,ข้อมูลการลาในการออกปฎิบัติสหกิจศึกษา
ฉันสามารถลาได้ในกรณีไหนบ้าง,ข้อมูลการลาในการออกปฎิบัติสหกิจศึกษา
สามารถลาได้นานกี่วัน,ข้อมูลการลาในการออกปฎิบัติสหกิจศึกษา
ลาพักร้อนได้กี่วัน,ข้อมูลการลาในการออกปฎิบัติสหกิจศึกษา
ฉันลาวันไหนบ้างครั้งขอดูวันที่ฉันลาหน่อยว่าลาวันไหนบ้าง,ข้อมูลการลาในการออกปฎิบัติสหกิจศึกษา
ฉันขอดูวันที่ฉันขอลาหน่อยได้ไหมคะ,ข้อมูลการลาในการออกปฎิบัติสหกิจศึกษา
ผมขอดูวันที่ผมลาไปแล้วได้ไหมครับอยากทราบว่าวันไหนบ้าง,ข้อมูลการลาในการออกปฎิบัติสหกิจศึกษา
สอบถามหน่อยค่ะตั้งแต่ฝึกงงานมาฉันลาไปทั้งหมดกี่ครั้งแล้ว,ข้อมูลการลาในการออกปฎิบัติสหกิจศึกษา
ดิฉันลาไปแล้วกี่ครั้งหรอคะ,ข้อมูลการลาในการออกปฎิบัติสหกิจศึกษา
ขอดูวันที่ผมลาหน่อยครับ อยากทราบว่าวันไหนบ้าง,ข้อมูลการลาในการออกปฎิบัติสหกิจศึกษา
ขอดูวันที่ฉันลาหน่อยค่ะอยากทราบว่าวันไหนบ้าง,ข้อมูลการลาในการออกปฎิบัติสหกิจศึกษา
วันที่ดิฉันลลา วันไหนบ้างคะ,ข้อมูลการลาในการออกปฎิบัติสหกิจศึกษา
ตั้งแต่ฝึกสหกิจมาฉันลาไปแล้วกี่ครั้ง,ข้อมูลการลาในการออกปฎิบัติสหกิจศึกษา
ขอสอบถามหน่อยค่ะ อยากทราบว่าการฝึกสหกิจครั้งนี้สามารถลาได้กี่ครั้ง,ข้อมูลการลาในการออกปฎิบัติสหกิจศึกษา
สอบถามหน่อยครั้งออกฝึกสหกิจครั้งนี้สามารถลาได้กี่ครั้งหรอครับ,ข้อมูลการลาในการออกปฎิบัติสหกิจศึกษา
ฉันลาไปกี่ครั้งแล้ว แล้วฉันสามารถลาได้อีกมั้ยคะในเดือนนี้,ข้อมูลการลาในการออกปฎิบัติสหกิจศึกษา
ผมลากินใน1เดือนได้กี่ครั้งครับ,ข้อมูลการลาในการออกปฎิบัติสหกิจศึกษา
ฉันลากิจใน1เดือนได้กี่ครั้คะ,ข้อมูลการลาในการออกปฎิบัติสหกิจศึกษา
ฉันลาได้กี่ครั้งหรอคะในแต่ล่ะเดือน,ข้อมูลการลาในการออกปฎิบัติสหกิจศึกษา
ฉันอยากทราบว่าภายในการออกฝึกสหกิจสามารถลาได้ทั้งหมดกี่ครั้ง,ข้อมูลการลาในการออกปฎิบัติสหกิจศึกษา
ฉันลากิจได้กี่ครั้งหรอคะ,ข้อมูลการลาในการออกปฎิบัติสหกิจศึกษา
ใน4เดือนลากิจดีกี่ครั้งหรอคะ,ข้อมูลการลาในการออกปฎิบัติสหกิจศึกษา
ขอทราบลายละเอียดการลาของฉันหน่อย,ข้อมูลการลาในการออกปฎิบัติสหกิจศึกษา
เดือนที่แล้วฉันลาไปแล้วกี่ครั้ง,ข้อมูลการลาในการออกปฎิบัติสหกิจศึกษา
เดือนที่แล้วผมลาไปแล้วกี่ครั้งหรอครับ,ข้อมูลการลาในการออกปฎิบัติสหกิจศึกษา
ขอทราบหน่อยครับว่าเดือนที่แล้วผมลาไปทั้งหมดกี่ครั้ง,ข้อมูลการลาในการออกปฎิบัติสหกิจศึกษา
ดิฉันข้อทราบข้อมูลการลาหน่อยค่ะ,ข้อมูลการลาในการออกปฎิบัติสหกิจศึกษา
ฉันลาไปวันไหนบ้างขอดูลายละเอียดหน่อย,ข้อมูลการลาในการออกปฎิบัติสหกิจศึกษา
อยากทราบว่าฉันลาไปแล้วกี่ครั้งวันไหนบ้าง,ข้อมูลการลาในการออกปฎิบัติสหกิจศึกษา
4เดือนนี่ลาได้ทั้งหมดกี่ครั้งหรอคะ,ข้อมูลการลาในการออกปฎิบัติสหกิจศึกษา
ขอดูลายละเอียดการลาของดิฉันหน่อยค่ะ,ข้อมูลการลาในการออกปฎิบัติสหกิจศึกษา
วันที่ฉันลามีวันไหนบ้างและลาได้อีกกี่ครั้ง,ข้อมูลการลาในการออกปฎิบัติสหกิจศึกษา
ผมลาไปแล้วกี่ครั้งหรอครับขอดูลายละเอียดหน่อย,ข้อมูลการลาในการออกปฎิบัติสหกิจศึกษา
ฉันลาได้มากที่สุดกี่ครั้งหรอคะ,ข้อมูลการลาในการออกปฎิบัติสหกิจศึกษา
ผมขอลาได้มากที่สุดกี่ครั้งหรอครับ,ข้อมูลการลาในการออกปฎิบัติสหกิจศึกษา
ฉันลาได้กี่ครั้งต่อเดือนคะ,ข้อมูลการลาในการออกปฎิบัติสหกิจศึกษา
ผมลาได้กี่ครั้งต่อเดือนคะ,ข้อมูลการลาในการออกปฎิบัติสหกิจศึกษา
ฉันลาวันไหนบ้างครั้งขอดูวันที่ฉันลาหน่อยว่าลาวันไหนบ้าง,ข้อมูลการลาในการออกปฎิบัติสหกิจศึกษา
ฉันขอดูวันที่ฉันขอลาหน่อยได้ไหมคะ,ข้อมูลการลาในการออกปฎิบัติสหกิจศึกษา
ผมขอดูวันที่ผมลาไปแล้วได้ไหมครับอยากทราบว่าวันไหนบ้าง,ข้อมูลการลาในการออกปฎิบัติสหกิจศึกษา
สอบถามหน่อยค่ะตั้งแต่ฝึกงงานมาฉันลาไปทั้งหมดกี่ครั้งแล้ว,ข้อมูลการลาในการออกปฎิบัติสหกิจศึกษา
ดิฉันลาไปแล้วกี่ครั้งหรอคะ,ข้อมูลการลาในการออกปฎิบัติสหกิจศึกษา
ขอดูวันที่ผมลาหน่อยครับ อยากทราบว่าวันไหนบ้าง,ข้อมูลการลาในการออกปฎิบัติสหกิจศึกษา
ขอดูวันที่ฉันลาหน่อยค่ะอยากทราบว่าวันไหนบ้าง,ข้อมูลการลาในการออกปฎิบัติสหกิจศึกษา
วันที่ดิฉันลลา วันไหนบ้างคะ,ข้อมูลการลาในการออกปฎิบัติสหกิจศึกษา
ตั้งแต่ฝึกสหกิจมาฉันลาไปแล้วกี่ครั้ง,ข้อมูลการลาในการออกปฎิบัติสหกิจศึกษา
ขอสอบถามหน่อยค่ะ อยากทราบว่าการฝึกสหกิจครั้งนี้สามารถลาได้กี่ครั้ง,ข้อมูลการลาในการออกปฎิบัติสหกิจศึกษา
สอบถามหน่อยครั้งออกฝึกสหกิจครั้งนี้สามารถลาได้กี่ครั้งหรอครับ,ข้อมูลการลาในการออกปฎิบัติสหกิจศึกษา
ฉันลาไปกี่ครั้งแล้ว แล้วฉันสามารถลาได้อีกมั้ยคะในเดือนนี้,ข้อมูลการลาในการออกปฎิบัติสหกิจศึกษา
ฉันลาไปกี่ครั้งแล้วคะ,ข้อมูลการลาในการออกปฎิบัติสหกิจศึกษา
ผมลาไปกี่ครั้งแล้วครับ,ข้อมูลการลาในการออกปฎิบัติสหกิจศึกษา
ดิฉันลาไปกี่ครั้งแล้วคะ,ข้อมูลการลาในการออกปฎิบัติสหกิจศึกษา
ระยะเวลาที่ฝึกงานที่นี่ ฉันต้องเข้า-งานทางช่องทางไหน,ระยะเวลาการปฎิบัติงานในการออกปฎิบัติสหกิจศึกษา
ฉันต้องฝึกงานกี่เดือน?,ระยะเวลาการปฎิบัติงานในการออกปฎิบัติสหกิจศึกษา
ฝึกงานเดือนไหนถึงเดือนไหน,ระยะเวลาการปฎิบัติงานในการออกปฎิบัติสหกิจศึกษา
ฝึกงานกี่โมงถึงกี่โมง,ระยะเวลาการปฎิบัติงานในการออกปฎิบัติสหกิจศึกษา
หยุดเสาร์ อาทิตย์ไหม,ระยะเวลาการปฎิบัติงานในการออกปฎิบัติสหกิจศึกษา
ฉันจะฝึกงานเสร็จวันที่เท่าไหร่,ระยะเวลาการปฎิบัติงานในการออกปฎิบัติสหกิจศึกษา
ฉันต้องฝึกงานกี่เดือน,ระยะเวลาการปฎิบัติงานในการออกปฎิบัติสหกิจศึกษา
ต้องฝึกงานเริ่มจากวันที่เท่าไหร่ และสิ้นสุดวันไหน,ระยะเวลาการปฎิบัติงานในการออกปฎิบัติสหกิจศึกษา
ต้องฝึกกี่เดือน,ระยะเวลาการปฎิบัติงานในการออกปฎิบัติสหกิจศึกษา
ฝึกแบบสหกิจฝึกกี่เดือน,ระยะเวลาการปฎิบัติงานในการออกปฎิบัติสหกิจศึกษา
ต้องไปฝึกกี่เดือน,ระยะเวลาการปฎิบัติงานในการออกปฎิบัติสหกิจศึกษา
ถ้าไปฝึกต้องไปกี่เดือน,ระยะเวลาการปฎิบัติงานในการออกปฎิบัติสหกิจศึกษา
ฉันต้องฝึกอีกกี่เดือน,ระยะเวลาการปฎิบัติงานในการออกปฎิบัติสหกิจศึกษา
ระยะเวลาที่ฝึกงานตั้งแต่เดือนไหนถึงเดือนไหน กี่วันต่อสัปดาห์,ระยะเวลาการปฎิบัติงานในการออกปฎิบัติสหกิจศึกษา
ระยะเวลาฝึกของผมกี่เดือนครับ,ระยะเวลาการปฎิบัติงานในการออกปฎิบัติสหกิจศึกษา
ระยะเวลาการฝึกงาน,ระยะเวลาการปฎิบัติงานในการออกปฎิบัติสหกิจศึกษา
ระยะเวลาที่ฝึกงานที่นี่ ฉันต้องเข้า-งานทางช่องทางไหน,ระยะเวลาการปฎิบัติงานในการออกปฎิบัติสหกิจศึกษา
ฉันต้องฝึกงานกี่เดือน?,ระยะเวลาการปฎิบัติงานในการออกปฎิบัติสหกิจศึกษา
ฝึกงานเดือนไหนถึงเดือนไหน,ระยะเวลาการปฎิบัติงานในการออกปฎิบัติสหกิจศึกษา
ฝึกงานกี่โมงถึงกี่โมง,ระยะเวลาการปฎิบัติงานในการออกปฎิบัติสหกิจศึกษา
หยุดเสาร์ อาทิตย์ไหม,ระยะเวลาการปฎิบัติงานในการออกปฎิบัติสหกิจศึกษา
ฉันจะฝึกงานเสร็จวันที่เท่าไหร่,ระยะเวลาการปฎิบัติงานในการออกปฎิบัติสหกิจศึกษา
น้องฝึกงานกี่เดือนครับ,ระยะเวลาการปฎิบัติงานในการออกปฎิบัติสหกิจศึกษา
"ฝึกงานสหกิจกี่เดือน,ต้องฝึกอีกกี่เดือน",ระยะเวลาการปฎิบัติงานในการออกปฎิบัติสหกิจศึกษา
เริ่มงานกี่โมงคะ,ระยะเวลาการปฎิบัติงานในการออกปฎิบัติสหกิจศึกษา
ขอทราบรายละเอียดการฝึกงานสหกิจ,ระยะเวลาการปฎิบัติงานในการออกปฎิบัติสหกิจศึกษา
ผมต้องฝึกงานกี่เดือน,ระยะเวลาการปฎิบัติงานในการออกปฎิบัติสหกิจศึกษา
ของพี่ มีระยะเวลา 6เดือน ครับ,ระยะเวลาการปฎิบัติงานในการออกปฎิบัติสหกิจศึกษา
ระยะเวลาที่ผมต้องฝึกงานกี่เดือนครับ,ระยะเวลาการปฎิบัติงานในการออกปฎิบัติสหกิจศึกษา
ระยะเวลาออกปฏิบัติสหกิจศึกษาทั้งหมดกี่เดือน ถ้าชอบยาวๆหน่อย XD,ระยะเวลาการปฎิบัติงานในการออกปฎิบัติสหกิจศึกษา
ข้อนี้ทาง มรม จะกำหนด,ระยะเวลาการปฎิบัติงานในการออกปฎิบัติสหกิจศึกษา
ระยะเวลาที่ฝึกงานกี่เดือน แล้วแต่ละเดือนต้องทำอะไรบ้าง,ระยะเวลาการปฎิบัติงานในการออกปฎิบัติสหกิจศึกษา
เวลาที่ฉันฝึกเท่าไหร่,ระยะเวลาการปฎิบัติงานในการออกปฎิบัติสหกิจศึกษา
กี่วันที่ฉันต้องฝึก,ระยะเวลาการปฎิบัติงานในการออกปฎิบัติสหกิจศึกษา
ขอทราบลายละเอียดการฝึก,ระยะเวลาการปฎิบัติงานในการออกปฎิบัติสหกิจศึกษา
ฉันต้องฝึกเริ่มจากเดือนไหนคะ,ระยะเวลาการปฎิบัติงานในการออกปฎิบัติสหกิจศึกษา
เวลาที่ฝึกกี่เดือนคะ,ระยะเวลาการปฎิบัติงานในการออกปฎิบัติสหกิจศึกษา
ต้องฝึกกี่เดือนครับ,ระยะเวลาการปฎิบัติงานในการออกปฎิบัติสหกิจศึกษา
ฉันต้องฝึกนานมั้ยคะ,ระยะเวลาการปฎิบัติงานในการออกปฎิบัติสหกิจศึกษา
ฉันต้องฝึกกี่เดื่อน,ระยะเวลาการปฎิบัติงานในการออกปฎิบัติสหกิจศึกษา
ผมต้องออกฝึกสหกิจกี่เดือน,ระยะเวลาการปฎิบัติงานในการออกปฎิบัติสหกิจศึกษา
ผมจะฝึกเสร็จเดือนไหน,ระยะเวลาการปฎิบัติงานในการออกปฎิบัติสหกิจศึกษา
ผมต้องออกฝึกเดือนไหนบ้าง,ระยะเวลาการปฎิบัติงานในการออกปฎิบัติสหกิจศึกษา
ฉันต้องฝึกเ)ป็นระยะเวลากี่เดื่อนน,ระยะเวลาการปฎิบัติงานในการออกปฎิบัติสหกิจศึกษา
ฉันจะฝึกเสร็จสิ้นเดือนไหน,ระยะเวลาการปฎิบัติงานในการออกปฎิบัติสหกิจศึกษา
ฉันต้องฝึกกี่เดือนคะ,ระยะเวลาการปฎิบัติงานในการออกปฎิบัติสหกิจศึกษา
เริ่มฝึกเดือนไหน,ระยะเวลาการปฎิบัติงานในการออกปฎิบัติสหกิจศึกษา
ฝึกเดือนใดบ้าง,ระยะเวลาการปฎิบัติงานในการออกปฎิบัติสหกิจศึกษา
ฝึกแล้วเสร็จเดือนไหน,ระยะเวลาการปฎิบัติงานในการออกปฎิบัติสหกิจศึกษา
ดิฉันต้องฝึกเดือนไหน,ระยะเวลาการปฎิบัติงานในการออกปฎิบัติสหกิจศึกษา
ออกฝึกสหกิจกี่เดือน,ระยะเวลาการปฎิบัติงานในการออกปฎิบัติสหกิจศึกษา
ผมจะฝึกเสร็จเดือนไหนครับ,ระยะเวลาการปฎิบัติงานในการออกปฎิบัติสหกิจศึกษา
ระยะเวลาที่จะต้องฝึกงานนี่กี่เดือนหนรอครับ,ระยะเวลาการปฎิบัติงานในการออกปฎิบัติสหกิจศึกษา
เวลาที่ฝึกกี่เดืออนหรอคะ,ระยะเวลาการปฎิบัติงานในการออกปฎิบัติสหกิจศึกษา
ผมจะฝึกสหกิจเสร็จเดือนไหนหรอครับ,ระยะเวลาการปฎิบัติงานในการออกปฎิบัติสหกิจศึกษา
หนูจะฝึกเสร็จเดือนไหนหรอคะ,ระยะเวลาการปฎิบัติงานในการออกปฎิบัติสหกิจศึกษา
ฝึกงานนี่ฝึกกีเดือนครับ,ระยะเวลาการปฎิบัติงานในการออกปฎิบัติสหกิจศึกษา
ฝึกสหกิจจะต้องออกฝึกเดือนใดบ้างครับ,ระยะเวลาการปฎิบัติงานในการออกปฎิบัติสหกิจศึกษา
ผมจะต้องไปออกฝึกสหกิจเดือนไหนหรอครับ,ระยะเวลาการปฎิบัติงานในการออกปฎิบัติสหกิจศึกษา
ดิฉันขอทราบเดือนที่ออกฝึกหน่อยค่ะ,ระยะเวลาการปฎิบัติงานในการออกปฎิบัติสหกิจศึกษา
เริ่มฝึกสหกิจเดือนไหนครับ,ระยะเวลาการปฎิบัติงานในการออกปฎิบัติสหกิจศึกษา
สิ้นสุดการฝึกวันไหนครับ,ระยะเวลาการปฎิบัติงานในการออกปฎิบัติสหกิจศึกษา
เริ่มการฝึกเดือนไหนถึงเดือนไหนคะ,ระยะเวลาการปฎิบัติงานในการออกปฎิบัติสหกิจศึกษา
ต้องเริ่มฝึกตั้งแต่เดือนไหนถึงเดือนไหนคะ,ระยะเวลาการปฎิบัติงานในการออกปฎิบัติสหกิจศึกษา
ฝึกเดือนไหนบ้างและต้องฝึกกี่เดือน,ระยะเวลาการปฎิบัติงานในการออกปฎิบัติสหกิจศึกษา
ออกฝึกสหกิจกี่เดือนถึงจะผ่านคะ,ระยะเวลาการปฎิบัติงานในการออกปฎิบัติสหกิจศึกษา
ผมต้องออกฝึกเดือนไหนบ้างครับ,ระยะเวลาการปฎิบัติงานในการออกปฎิบัติสหกิจศึกษา
หนูขอทราบเดือนที่ออกฝึกด้วยค่ะ,ระยะเวลาการปฎิบัติงานในการออกปฎิบัติสหกิจศึกษา
ฉันต้องฝึกเป็ระยะกี่เดือนถึงจะผ่านการฝึกสหกิจ,ระยะเวลาการปฎิบัติงานในการออกปฎิบัติสหกิจศึกษา
ผมต้องฝึกกี่เดือนคะ,ระยะเวลาการปฎิบัติงานในการออกปฎิบัติสหกิจศึกษา
เดือนไหนที่ฉันต้องไปออกฝึกสหกิจ,ระยะเวลาการปฎิบัติงานในการออกปฎิบัติสหกิจศึกษา
ฉันจะฝึกเสร็จเดือนไหน,ระยะเวลาการปฎิบัติงานในการออกปฎิบัติสหกิจศึกษา
เดือนไหนที่ผมจะฝึกสหกิจเสร็จครับ,ระยะเวลาการปฎิบัติงานในการออกปฎิบัติสหกิจศึกษา
ฝึกกี่เดือนหรอฮะ,ระยะเวลาการปฎิบัติงานในการออกปฎิบัติสหกิจศึกษา
เริ่มการฝึกเดือนไหนหรอครับ,ระยะเวลาการปฎิบัติงานในการออกปฎิบัติสหกิจศึกษา
ดิฉันขอทราบเดือนที่ต้องเริ่มฝึกสหกิจหน่อยค่ะ,ระยะเวลาการปฎิบัติงานในการออกปฎิบัติสหกิจศึกษา
ผมอยากทราบว่าเริ่มฝึกเดือนไหนถึงเดือนไหนครับ,ระยะเวลาการปฎิบัติงานในการออกปฎิบัติสหกิจศึกษา
เดือนไหนที่กระผมต้องเริ่มออกฝึกสหกิจครับ,ระยะเวลาการปฎิบัติงานในการออกปฎิบัติสหกิจศึกษา
กระผมต้องฝึกกี่เดือนครับ,ระยะเวลาการปฎิบัติงานในการออกปฎิบัติสหกิจศึกษา
อยากสอบถามว่าผมต้องออกฝึกสหกิจกี่เดือนครับ,ระยะเวลาการปฎิบัติงานในการออกปฎิบัติสหกิจศึกษา
ขอสอบถามหน่อยค่ะว่าฉันต้องออกฝึกสหกิจเดือนไหน,ระยะเวลาการปฎิบัติงานในการออกปฎิบัติสหกิจศึกษา
ขอทราบข้อมูลเกี่ยวกับวันและเวลาการฝึกหน่อยคั่,ระยะเวลาการปฎิบัติงานในการออกปฎิบัติสหกิจศึกษา
ระยะเวลาของกานฝึกสหกิจนานมั้คะ,ระยะเวลาการปฎิบัติงานในการออกปฎิบัติสหกิจศึกษา
ขอทราบรายละเอียดของเวลาการออกฝึกสหกิจหน่อยค่ะ,ระยะเวลาการปฎิบัติงานในการออกปฎิบัติสหกิจศึกษา
ขอทราบรายละเอียดการออกฝึกหน่อยครับ,ระยะเวลาการปฎิบัติงานในการออกปฎิบัติสหกิจศึกษา
เริ่มฝึกสหกิจเดือนไหนถึงเดือนไหนครับ,ระยะเวลาการปฎิบัติงานในการออกปฎิบัติสหกิจศึกษา
ออกฝึกสหกิจเดือนไหนถึงเดือนไหนคะ,ระยะเวลาการปฎิบัติงานในการออกปฎิบัติสหกิจศึกษา
อยากทราบระยะเวลาการออกฝึกสหกิจครับ,ระยะเวลาการปฎิบัติงานในการออกปฎิบัติสหกิจศึกษา
ขอทราบระยะเวลาการออกฝึกสหกิจหน่อยได้มั้ยครับ,ระยะเวลาการปฎิบัติงานในการออกปฎิบัติสหกิจศึกษา
ผมต้องออกฝึกสหกิจเดือนไหนถึงเดือนไหนครับ,ระยะเวลาการปฎิบัติงานในการออกปฎิบัติสหกิจศึกษา
ดิฉันต้องออกฝึกสหกินเดือนไหนถึงเดือนไหนคะ,ระยะเวลาการปฎิบัติงานในการออกปฎิบัติสหกิจศึกษา
ขอทราบข้อมูลระยะเวลาการออกฝึกสหกิจแบบคร่าวๆหน่อยค่ะ,ระยะเวลาการปฎิบัติงานในการออกปฎิบัติสหกิจศึกษา
ต้องฝึกกี่เดือน,ระยะเวลาการปฎิบัติงานในการออกปฎิบัติสหกิจศึกษา
ฝึกแบบสหกิจฝึกกี่เดือน,ระยะเวลาการปฎิบัติงานในการออกปฎิบัติสหกิจศึกษา
ต้องไปฝึกกี่เดือน,ระยะเวลาการปฎิบัติงานในการออกปฎิบัติสหกิจศึกษา
ถ้าไปฝึกต้องไปกี่เดือน,ระยะเวลาการปฎิบัติงานในการออกปฎิบัติสหกิจศึกษา
ระยะเวลาการฝึกงาน,ระยะเวลาการปฎิบัติงานในการออกปฎิบัติสหกิจศึกษา
ระยะเวลาที่ฝึกงานที่นี่ ฉันต้องเข้า-งานทางช่องทางไหน,ระยะเวลาการปฎิบัติงานในการออกปฎิบัติสหกิจศึกษา
ฉันต้องฝึกงานกี่เดือน?,ระยะเวลาการปฎิบัติงานในการออกปฎิบัติสหกิจศึกษา
ฝึกงานเดือนไหนถึงเดือนไหน,ระยะเวลาการปฎิบัติงานในการออกปฎิบัติสหกิจศึกษา
ฝึกงานกี่โมงถึงกี่โมง,ระยะเวลาการปฎิบัติงานในการออกปฎิบัติสหกิจศึกษา
หยุดเสาร์ อาทิตย์ไหม,ระยะเวลาการปฎิบัติงานในการออกปฎิบัติสหกิจศึกษา
ฉันจะฝึกงานเสร็จวันที่เท่าไหร่,ระยะเวลาการปฎิบัติงานในการออกปฎิบัติสหกิจศึกษา
น้องฝึกงานกี่เดือนครับ,ระยะเวลาการปฎิบัติงานในการออกปฎิบัติสหกิจศึกษา
"ฝึกงานสหกิจกี่เดือน,ต้องฝึกอีกกี่เดือน",ระยะเวลาการปฎิบัติงานในการออกปฎิบัติสหกิจศึกษา
เริ่มงานกี่โมงคะ,ระยะเวลาการปฎิบัติงานในการออกปฎิบัติสหกิจศึกษา
ขอทราบรายละเอียดการฝึกงานสหกิจ,ระยะเวลาการปฎิบัติงานในการออกปฎิบัติสหกิจศึกษา
ผมต้องฝึกงานกี่เดือน,ระยะเวลาการปฎิบัติงานในการออกปฎิบัติสหกิจศึกษา
ของพี่ มีระยะเวลา 6เดือน ครับ,ระยะเวลาการปฎิบัติงานในการออกปฎิบัติสหกิจศึกษา
ระยะเวลาที่ผมต้องฝึกงานกี่เดือนครับ,ระยะเวลาการปฎิบัติงานในการออกปฎิบัติสหกิจศึกษา
ระยะเวลาออกปฏิบัติสหกิจศึกษาทั้งหมดกี่เดือน ถ้าชอบยาวๆหน่อย XD,ระยะเวลาการปฎิบัติงานในการออกปฎิบัติสหกิจศึกษา
ข้อนี้ทาง มรม จะกำหนด,ระยะเวลาการปฎิบัติงานในการออกปฎิบัติสหกิจศึกษา
ระยะเวลาที่ฝึกงานกี่เดือน แล้วแต่ละเดือนต้องทำอะไรบ้าง,ระยะเวลาการปฎิบัติงานในการออกปฎิบัติสหกิจศึกษา
เวลาที่ฉันฝึกเท่าไหร่,ระยะเวลาการปฎิบัติงานในการออกปฎิบัติสหกิจศึกษา
กี่วันที่ฉันต้องฝึก,ระยะเวลาการปฎิบัติงานในการออกปฎิบัติสหกิจศึกษา
ขอทราบลายละเอียดการฝึก,ระยะเวลาการปฎิบัติงานในการออกปฎิบัติสหกิจศึกษา
ฉันต้องฝึกเริ่มจากเดือนไหนคะ,ระยะเวลาการปฎิบัติงานในการออกปฎิบัติสหกิจศึกษา
เวลาที่ฝึกกี่เดือนคะ,ระยะเวลาการปฎิบัติงานในการออกปฎิบัติสหกิจศึกษา
ต้องฝึกกี่เดือนครับ,ระยะเวลาการปฎิบัติงานในการออกปฎิบัติสหกิจศึกษา
ฉันต้องฝึกนานมั้ยคะ,ระยะเวลาการปฎิบัติงานในการออกปฎิบัติสหกิจศึกษา
ฉันต้องฝึกกี่เดื่อน,ระยะเวลาการปฎิบัติงานในการออกปฎิบัติสหกิจศึกษา
ผมต้องออกฝึกสหกิจกี่เดือน,ระยะเวลาการปฎิบัติงานในการออกปฎิบัติสหกิจศึกษา
ผมจะฝึกเสร็จเดือนไหน,ระยะเวลาการปฎิบัติงานในการออกปฎิบัติสหกิจศึกษา
ผมต้องออกฝึกเดือนไหนบ้าง,ระยะเวลาการปฎิบัติงานในการออกปฎิบัติสหกิจศึกษา
ฉันต้องฝึกเ)ป็นระยะเวลากี่เดื่อนน,ระยะเวลาการปฎิบัติงานในการออกปฎิบัติสหกิจศึกษา
ฉันจะฝึกเสร็จสิ้นเดือนไหน,ระยะเวลาการปฎิบัติงานในการออกปฎิบัติสหกิจศึกษา
ฉันต้องฝึกกี่เดือนคะ,ระยะเวลาการปฎิบัติงานในการออกปฎิบัติสหกิจศึกษา
เริ่มฝึกเดือนไหน,ระยะเวลาการปฎิบัติงานในการออกปฎิบัติสหกิจศึกษา
ฝึกเดือนใดบ้าง,ระยะเวลาการปฎิบัติงานในการออกปฎิบัติสหกิจศึกษา
ฝึกแล้วเสร็จเดือนไหน,ระยะเวลาการปฎิบัติงานในการออกปฎิบัติสหกิจศึกษา
ดิฉันต้องฝึกเดือนไหน,ระยะเวลาการปฎิบัติงานในการออกปฎิบัติสหกิจศึกษา
ออกฝึกสหกิจกี่เดือน,ระยะเวลาการปฎิบัติงานในการออกปฎิบัติสหกิจศึกษา
ผมจะฝึกเสร็จเดือนไหนครับ,ระยะเวลาการปฎิบัติงานในการออกปฎิบัติสหกิจศึกษา
ระยะเวลาที่จะต้องฝึกงานนี่กี่เดือนหนรอครับ,ระยะเวลาการปฎิบัติงานในการออกปฎิบัติสหกิจศึกษา
เวลาที่ฝึกกี่เดืออนหรอคะ,ระยะเวลาการปฎิบัติงานในการออกปฎิบัติสหกิจศึกษา
ผมจะฝึกสหกิจเสร็จเดือนไหนหรอครับ,ระยะเวลาการปฎิบัติงานในการออกปฎิบัติสหกิจศึกษา
หนูจะฝึกเสร็จเดือนไหนหรอคะ,ระยะเวลาการปฎิบัติงานในการออกปฎิบัติสหกิจศึกษา
ฝึกงานนี่ฝึกกีเดือนครับ,ระยะเวลาการปฎิบัติงานในการออกปฎิบัติสหกิจศึกษา
ฝึกสหกิจจะต้องออกฝึกเดือนใดบ้างครับ,ระยะเวลาการปฎิบัติงานในการออกปฎิบัติสหกิจศึกษา
ผมจะต้องไปออกฝึกสหกิจเดือนไหนหรอครับ,ระยะเวลาการปฎิบัติงานในการออกปฎิบัติสหกิจศึกษา
ดิฉันขอทราบเดือนที่ออกฝึกหน่อยค่ะ,ระยะเวลาการปฎิบัติงานในการออกปฎิบัติสหกิจศึกษา
เริ่มฝึกสหกิจเดือนไหนครับ,ระยะเวลาการปฎิบัติงานในการออกปฎิบัติสหกิจศึกษา
สิ้นสุดการฝึกวันไหนครับ,ระยะเวลาการปฎิบัติงานในการออกปฎิบัติสหกิจศึกษา
เริ่มการฝึกเดือนไหนถึงเดือนไหนคะ,ระยะเวลาการปฎิบัติงานในการออกปฎิบัติสหกิจศึกษา
ต้องเริ่มฝึกตั้งแต่เดือนไหนถึงเดือนไหนคะ,ระยะเวลาการปฎิบัติงานในการออกปฎิบัติสหกิจศึกษา
ฝึกเดือนไหนบ้างและต้องฝึกกี่เดือน,ระยะเวลาการปฎิบัติงานในการออกปฎิบัติสหกิจศึกษา
ออกฝึกสหกิจกี่เดือนถึงจะผ่านคะ,ระยะเวลาการปฎิบัติงานในการออกปฎิบัติสหกิจศึกษา
ฝึกแบบสหกิจฝึกกี่เดือน,ระยะเวลาการปฎิบัติงานในการออกปฎิบัติสหกิจศึกษา
ต้องไปฝึกกี่เดือน,ระยะเวลาการปฎิบัติงานในการออกปฎิบัติสหกิจศึกษา
ถ้าไปฝึกต้องไปกี่เดือน,ระยะเวลาการปฎิบัติงานในการออกปฎิบัติสหกิจศึกษา
ระยะเวลาการฝึกงาน,ระยะเวลาการปฎิบัติงานในการออกปฎิบัติสหกิจศึกษา
ระยะเวลาที่ฝึกงานที่นี่ ฉันต้องเข้า-งานทางช่องทางไหน,ระยะเวลาการปฎิบัติงานในการออกปฎิบัติสหกิจศึกษา
ฉันต้องฝึกงานกี่เดือน?,ระยะเวลาการปฎิบัติงานในการออกปฎิบัติสหกิจศึกษา
ฝึกงานเดือนไหนถึงเดือนไหน,ระยะเวลาการปฎิบัติงานในการออกปฎิบัติสหกิจศึกษา
ฝึกงานกี่โมงถึงกี่โมง,ระยะเวลาการปฎิบัติงานในการออกปฎิบัติสหกิจศึกษา
หยุดเสาร์ อาทิตย์ไหม,ระยะเวลาการปฎิบัติงานในการออกปฎิบัติสหกิจศึกษา
ฉันจะฝึกงานเสร็จวันที่เท่าไหร่,ระยะเวลาการปฎิบัติงานในการออกปฎิบัติสหกิจศึกษา
